Season,Team,Poke,K,D,KD,GP
1,Patrats,Celesteela,4,4,0,6
1,Patrats,Mamoswine,14,1,13,8
1,Patrats,Rotom-Heat,0,2,-2,2
1,Patrats,Amoonguss,1,0,1,2
1,Patrats,Alomomola,0,2,-2,4
1,Patrats,Purugly,4,2,2,4
1,Patrats,Latias-Mega,14,4,10,7
1,Patrats,Clefable,1,3,-2,5
1,Patrats,Nihilego,6,4,2,5
1,Patrats,Drapion,2,2,0,2
1,Patrats,Dusknoir,1,0,1,1
1,Escavaliers,Victini,1,4,-3,4
1,Escavaliers,Terrakion,7,3,4,4
1,Escavaliers,Vaporeon,0,1,-1,1
1,Escavaliers,Nidoqueen,3,1,2,2
1,Escavaliers,Magneton,1,4,-3,4
1,Escavaliers,Granbull,,,,
1,Escavaliers,Absol-Mega,0,3,-3,3
1,Escavaliers,Latios,4,4,0,4
1,Escavaliers,Zapdos,0,3,-3,3
1,Escavaliers,Dhelmise,,,,
1,Escavaliers,Kecleon,,,,
1,Magikarps,Zygarde,3,7,-4,7
1,Magikarps,Serperior,2,3,-1,3
1,Magikarps,Necrozma,0,3,-3,3
1,Magikarps,Metagross,1,3,-2,3
1,Magikarps,Diancie,0,5,-5,5
1,Magikarps,Charizard,,,,
1,Magikarps,Sableye-Mega,1,7,-6,7
1,Magikarps,Manaphy,11,7,4,7
1,Magikarps,Gyarados,0,1,-1,1
1,Magikarps,Shuckle,,,,
1,Magikarps,Zebstrika,,,,
1,SD Padreigons,Thundurus,8,0,8,4
1,SD Padreigons,Suicune,4,2,2,5
1,SD Padreigons,Haxorus,0,0,0,1
1,SD Padreigons,Hoopa,1,0,1,1
1,SD Padreigons,Gigalith,2,1,1,4
1,SD Padreigons,Persian-Alola,2,0,2,1
1,SD Padreigons,Gardevoir-Mega,3,2,1,3
1,SD Padreigons,Excadrill,4,1,3,4
1,SD Padreigons,Scolipede,1,1,0,5
1,SD Padreigons,Virizion,2,1,1,2
1,SD Padreigons,Pyroar,1,1,0,1
1,Shaymins,Tapu_Koko,5,5,0,8
1,Shaymins,Hydreigon,1,2,-1,5
1,Shaymins,Arcanine,1,1,0,2
1,Shaymins,Decidueye,0,3,-3,5
1,Shaymins,Gastrodon,0,2,-2,2
1,Shaymins,Rotom-Fan,0,1,-1,2
1,Shaymins,Gallade-Mega,23,5,18,7
1,Shaymins,Skarmory,0,5,-5,6
1,Shaymins,Ribombee,5,1,4,2
1,Shaymins,Dugtrio,2,4,-2,4
1,Shaymins,Frogadier,0,1,-1,2
1,Goomys,Latias,3,5,-2,5
1,Goomys,Milotic,2,5,-3,5
1,Goomys,Donphan,2,4,-2,5
1,Goomys,Porygon-Z,1,2,-1,2
1,Goomys,Eelektross,1,4,-3,5
1,Goomys,Garbodor,,,,
1,Goomys,Lopunny-Mega,4,7,-3,7
1,Goomys,Heatran,7,6,1,7
1,Goomys,Florges,2,4,-2,4
1,Goomys,Swellow,0,0,0,1
1,Goomys,Gourgeist,0,2,-2,2
1,Lanturns,Mew,13,5,8,8
1,Lanturns,Mimikyu,3,3,0,4
1,Lanturns,Jolteon,6,4,2,7
1,Lanturns,Lucario,3,2,1,3
1,Lanturns,Muk-Alola,1,2,-1,4
1,Lanturns,Linoone,0,1,-1,1
1,Lanturns,Scizor-Mega,2,3,-1,6
1,Lanturns,Garchomp,3,5,-2,7
1,Lanturns,Cloyster,4,3,1,3
1,Lanturns,Roserade,4,2,2,2
1,Lanturns,Aromatisse,0,2,-2,2
1,Moltres,Blacephalon,4,6,-2,6
1,Moltres,Goodra,1,4,-3,4
1,Moltres,Primarina,0,3,-3,3
1,Moltres,Tornadus,0,2,-2,2
1,Moltres,Ambipom,1,1,0,1
1,Moltres,Aggron,2,4,-2,4
1,Moltres,Beedrill-Mega,2,5,-3,5
1,Moltres,Nidoking,3,3,0,3
1,Moltres,Umbreon,4,5,-1,5
1,Moltres,Snorlax,0,1,-1,1
1,Moltres,Mienshao,,,,
1,Primarinas,Kyurem-Black,3,2,1,5
1,Primarinas,Tapu_Fini,5,2,2,4
1,Primarinas,Crobat,2,1,1,2
1,Primarinas,Darmanitan,2,1,1,2
1,Primarinas,Cofagrigus,4,3,-1,5
1,Primarinas,Raichu-Alola,2,0,2,1
1,Primarinas,Aggron-Mega,4,3,1,6
1,Primarinas,Landorus-Therian,5,5,0,5
1,Primarinas,Shaymin,4,2,2,5
1,Primarinas,Armaldo,,,,
1,Primarinas,Meloetta,1,2,-1,2
1,Lucarios,Tapu_Bulu,9,6,3,7
1,Lucarios,Toxapex,2,2,0,3
1,Lucarios,Forretress,1,4,-3,4
1,Lucarios,Hawlucha,1,3,-2,4
1,Lucarios,Sneasel,3,4,-1,5
1,Lucarios,Haunter,4,0,4,1
1,Lucarios,Charizard-Mega X,5,5,0,7
1,Lucarios,Raikou,3,1,2,2
1,Lucarios,Azelf,2,3,-1,4
1,Lucarios,Gligar,0,1,-1,1
1,Lucarios,Samurott,1,2,-1,2
2,Patrats,Landorus-Therian,7,7,0,10
2,Patrats,Tapu_Fini,3,4,-1,7
2,Patrats,Cobalion,7,6,1,6
2,Patrats,Rotom-Heat,2,2,0,3
2,Patrats,Cofagrigus,1,2,-1,2
2,Patrats,Cryogonal,1,1,0,1
2,Patrats,Pinsir-Mega,11,5,6,9
2,Patrats,Hydreigon,10,6,4,8
2,Patrats,Celebi,7,6,1,9
2,Patrats,Nihilego,1,3,-2,3
2,Patrats,Purugly,1,2,-1,2
2,Dracos ,Tapu_Koko,12,4,8,10
2,Dracos ,Milotic,7,4,3,10
2,Dracos ,Tangrowth,7,1,6,5
2,Dracos ,Donphan,4,3,1,4
2,Dracos ,Druddigon,4,5,-1,5
2,Dracos ,Golbat,1,1,0,3
2,Dracos ,Sharpedo-Mega,9,1,8,5
2,Dracos ,Tornadus-Therian,5,5,0,9
2,Dracos ,Volcarona,8,5,3,7
2,Dracos ,Mamoswine,1,2,-1,2
2,Dracos ,Ferroseed,0,0,0,1
2,Magikarps,Celesteela,9,7,2,9
2,Magikarps,Kommo-o,11,8,3,9
2,Magikarps,Galvantula,2,8,-6,10
2,Magikarps,Mienshao,7,7,0,10
2,Magikarps,Ditto,0,0,0,1
2,Magikarps,Metang,0,1,-1,1
2,Magikarps,Diancie-Mega,2,6,-4,8
2,Magikarps,Toxapex,1,6,-5,6
2,Magikarps,Blaziken,1,1,0,3
2,Magikarps,Porygon2,2,1,1,1
2,Magikarps,Dodrio,1,2,-1,2
2,SD Padreigons,Garchomp,0,1,-1,2
2,SD Padreigons,Klefki,1,0,1,1
2,SD Padreigons,Emboar,0,0,0,0
2,SD Padreigons,Araquanid,0,1,-1,2
2,SD Padreigons,Tsareena,0,0,0,0
2,SD Padreigons,Weezing,0,1,-1,1
2,SD Padreigons,Absol-Mega,2,1,1,1
2,SD Padreigons,Thundurus-Therian,1,1,0,2
2,SD Padreigons,Alakazam,0,0,0,0
2,SD Padreigons,Snorlax,5,1,4,2
2,SD Padreigons,Lycanroc-Night,0,1,-1,1
2,Shaymins,Zygarde,15,4,11,7
2,Shaymins,Togekiss,5,4,1,7
2,Shaymins,Jolteon,2,4,-2,6
2,Shaymins,Amoonguss,5,3,2,6
2,Shaymins,Incineroar,3,4,-1,5
2,Shaymins,Rhydon,2,4,-2,6
2,Shaymins,Gallade-Mega,5,4,1,4
2,Shaymins,Keldeo,4,7,-3,10
2,Shaymins,Jirachi,3,5,-2,8
2,Shaymins,Kricketune,1,5,-4,6
2,Shaymins,Malamar,1,2,-1,3
2,Goomys,Skarmory,2,5,-3,7
2,Goomys,Slowbro,1,7,-6,8
2,Goomys,Lycanroc-Dusk,1,4,-3,5
2,Goomys,Dhelmise,3,5,-2,5
2,Goomys,Ribombee,9,7,2,10
2,Goomys,Raichu,1,2,-1,2
2,Goomys,Latios-Mega,5,4,1,6
2,Goomys,Landorus,11,8,3,11
2,Goomys,Victini,19,6,13,10
2,Goomys,Kecleon,,1,-1,1
2,Goomys,Primeape,0,1,-1,1
2,Lanturns,Necrozma,5,6,-1,10
2,Lanturns,Florges,3,6,-3,7
2,Lanturns,Haxorus,0,2,-2,3
2,Lanturns,Nidoking,10,6,4,9
2,Lanturns,Bronzong,2,8,-6,8
2,Lanturns,Leavanny,0,0,0,0
2,Lanturns,Lopunny-Mega,16,4,12,10
2,Lanturns,Blacephalon,4,1,3,4
2,Lanturns,Rotom-Mow,4,5,-1,6
2,Lanturns,Archeops,2,2,0,4
2,Lanturns,Crawdaunt,9,4,5,5
2,Moltres,Kartana,13,8,5,10
2,Moltres,Gliscor,1,9,-8,9
2,Moltres,Empoleon,5,9,-4,9
2,Moltres,Tornadus,1,5,-4,6
2,Moltres,Aromatisse,0,0,0,0
2,Moltres,Mismagius,1,1,0,1
2,Moltres,Sableye-Mega,1,5,-4,6
2,Moltres,Raikou,8,8,0,10
2,Moltres,Heracross,0,2,-2,2
2,Moltres,Darmanitan,5,4,1,7
2,Moltres,Ampharos,0,0,0,0
2,Primarinas,Heatran,1,6,-5,6
2,Primarinas,Suicune,8,7,1,11
2,Primarinas,Ninetales-Alola,8,5,3,8
2,Primarinas,Umbreon,1,2,-1,2
2,Primarinas,Sandslash-Alola,4,4,0,5
2,Primarinas,Dusclops,3,3,0,5
2,Primarinas,Latias-Mega,1,1,0,1
2,Primarinas,VIkavolt,4,2,2,3
2,Primarinas,Shaymin,1,4,-3,5
2,Primarinas,Crobat,4,2,2,3
2,Primarinas,Sigilyph,1,2,-1,2
2,Crobats,Kyurem-Black,0,0,0,2
2,Crobats,Sylveon,6,5,1,11
2,Crobats,Salazzle,7,0,7,3
2,Crobats,Greninja,12,5,7,8
2,Crobats,Mesprit,3,6,-3,6
2,Crobats,Masquerain,4,4,0,6
2,Crobats,Aggron-Mega,5,8,-3,9
2,Crobats,Tapu_Bulu,8,6,2,7
2,Crobats,Zapdos,7,8,-1,10
2,Crobats,Persian-Alola,0,1,-1,1
2,Crobats,Claydol,0,1,-1,3
2,Leafeons,Scizor,5,4,1,6
2,Leafeons,Serperior,6,7,-1,8
2,Leafeons,Gardevoir,5,6,-1,7
2,Leafeons,Slowking,1,4,-3,5
2,Leafeons,Drapion,1,2,-1,3
2,Leafeons,Stoutland,0,2,-2,2
2,Leafeons,Charizard-Mega-X,8,6,2,8
2,Leafeons,Heliolisk,0,4,-4,4
2,Leafeons,Hippowdon,3,4,-1,6
2,Leafeons,Bewear,2,2,0,2
2,Leafeons,Beedrill,0,2,-1,2
2,Garden City Gardevoirs,Xurkitree,4,5,-1,5
2,Garden City Gardevoirs,Blissey,3,2,1,2
2,Garden City Gardevoirs,Primarina,6,5,1,7
2,Garden City Gardevoirs,Krookodile,3,7,-4,8
2,Garden City Gardevoirs,Aerodactyl,9,6,3,9
2,Garden City Gardevoirs,Dusknoir,4,5,-1,7
2,Garden City Gardevoirs,Medicham-Mega,4,7,-3,8
2,Garden City Gardevoirs,Roserade,7,7,0,8
2,Garden City Gardevoirs,Forretress,1,4,-3,4
2,Garden City Gardevoirs,Delphox,3,5,-2,6
2,Garden City Gardevoirs,Tyrantrum,1,1,0,1
3,Seadras,Tapu_Koko,11,6,5,11
3,Seadras,Gliscor,5,8,-3,11
3,Seadras,Decidueye,6,3,3,5
3,Seadras,Forretress,0,3,-3,3
3,Seadras,Noivern,0,1,-1,2
3,Seadras,Liepard,2,2,0,2
3,Seadras,Lopunny-Mega,9,5,4,11
3,Seadras,Hoopa-Unbound,10,6,4,9
3,Seadras,Arcanine,4,5,-1,5
3,Seadras,Qwilfish,6,3,3,6
3,Seadras,Shuckle,0,0,0,0
3,Dracos ,Landorus-Therian,4,4,0,9
3,Dracos ,Reuniclus,11,1,10,8
3,Dracos ,Empoleon,10,3,7,8
3,Dracos ,Shaymin,0,1,-1,6
3,Dracos ,Aromatisse,3,3,0,4
3,Dracos ,Archeops,2,1,1,3
3,Dracos ,Gyarados-Mega,8,1,7,6
3,Dracos ,Haxorus,5,1,4,4
3,Dracos ,Conkeldurr,17,4,13,7
3,Dracos ,Eelektross,1,3,-2,4
3,Dracos ,Marowak-Alola,4,1,3,5
3,Magikarps,Clefable,0,5,-5,5
3,Magikarps,Magnezone,2,5,-3,6
3,Magikarps,Heracross,5,1,4,2
3,Magikarps,Zoroark,1,4,-3,4
3,Magikarps,Persian-Alola,2,4,-2,4
3,Magikarps,Chatot,2,10,-8,10
3,Magikarps,Ampharos-Mega,0,2,-2,2
3,Magikarps,Serperior,0,3,-3,3
3,Magikarps,Dugtrio,3,4,-1,4
3,Magikarps,Volcanion,9,10,-1,10
3,Magikarps,Spinda,1,9,-8,9
3,Metapods,Mew,4,6,-2,6
3,Metapods,Staraptor,5,4,1,5
3,Metapods,Zygarde-10,7,5,2,7
3,Metapods,Incineroar,2,8,-6,9
3,Metapods,Slurpuff,0,7,-7,7
3,Metapods,Steelix,0,4,-4,4
3,Metapods,Beedrill-Mega,10,5,5,8
3,Metapods,Goodra,1,3,-2,4
3,Metapods,Manaphy,5,7,-2,7
3,Metapods,Dusclops,1,5,-4,5
3,Metapods,Vikavolt,5,4,1,4
3,Shaymins,Latios,9,3,6,7
3,Shaymins,Volcarona,6,2,4,6
3,Shaymins,Heliolisk,6,3,3,3
3,Shaymins,Venusaur,2,2,0,2
3,Shaymins,Gastrodon,4,5,-1,8
3,Shaymins,Scyther,0,3,-3,3
3,Shaymins,Houndoom-Mega,4,1,3,4
3,Shaymins,Weavile,10,5,5,8
3,Shaymins,Klefki,4,5,-1,9
3,Shaymins,Torkoal,1,6,-5,8
3,Shaymins,Armaldo,1,2,-1,2
3,Goomys,Kyurem-Black ,10,8,2,9
3,Goomys,Tapu_Koko,3,10,-7,10
3,Goomys,Lucario,6,6,0,8
3,Goomys,Galvantula,0,4,-4,4
3,Goomys,Komala,1,2,-1,2
3,Goomys,Weezing,0,1,-1,1
3,Goomys,Absol-Mega,1,2,-1,2
3,Goomys,Victini,6,8,-2,9
3,Goomys,Tangrowth,8,8,0,9
3,Goomys,Gligar,1,4,-3,5
3,Goomys,Musharna,0,3,-3,3
3,Lanturns,Tornadus-Therian,8,3,5,9
3,Lanturns,Milotic,5,2,3,5
3,Lanturns,Cobalion,8,3,5,8
3,Lanturns,Jolteon,4,1,3,6
3,Lanturns,Uxie,2,5,-3,5
3,Lanturns,Magmortar,2,1,1,4
3,Lanturns,Latias-Mega,10,3,7,7
3,Lanturns,Mamoswine,7,3,4,7
3,Lanturns,Silvally,3,3,0,6
3,Lanturns,Drapion,2,3,-1,4
3,Lanturns,Diggersby,7,2,5,4
3,Whiscashes,Excadrill,3,11,-8,11
3,Whiscashes,Alakazam,4,5,-1,8
3,Whiscashes,Amoonguss,2,5,-3,7
3,Whiscashes,Kyurem,0,1,-1,1
3,Whiscashes,Talonflame,1,2,-1,3
3,Whiscashes,Lapras,0,0,0,0
3,Whiscashes,Tyranitar-Mega,6,9,-3,11
3,Whiscashes,Keldeo,2,7,-5,9
3,Whiscashes,Mimikyu,19,9,10,11
3,Whiscashes,Rotom-Mow,0,4,-4,4
3,Whiscashes,Ninjask,0,0,0,0
3,Primarinas,Necrozma,5,5,0,8
3,Primarinas,Terrakion,2,3,-1,5
3,Primarinas,Vaporeon,10,4,6,9
3,Primarinas,Snorlax,2,2,0,3
3,Primarinas,Cofagrigus,2,5,-3,7
3,Primarinas,Piloswine,5,3,2,4
3,Primarinas,Charizard-Mega-X,12,6,6,10
3,Primarinas,Raikou,9,1,8,3
3,Primarinas,Florges,1,6,-5,7
3,Primarinas,Tsareena,2,3,-1,4
3,Primarinas,Nidoqueen,5,3,2,6
3,Poliwags,Jirachi,6,4,2,6
3,Poliwags,Hydreigon,2,3,-1,5
3,Poliwags,Darmanitan,2,2,0,4
3,Poliwags,Roserade,2,3,-1,4
3,Poliwags,Linoone,0,1,-1,2
3,Poliwags,Golbat,0,2,-2,2
3,Poliwags,Blastoise-Mega,5,8,-3,9
3,Poliwags,Togekiss,4,5,-1,6
3,Poliwags,Zeraora,11,8,3,10
3,Poliwags,Donphan,6,9,-3,9
3,Poliwags,Mismagius,1,1,0,1
3,Leafeons,Garchomp,10,7,3,8
3,Leafeons,Chansey,1,4,-3,4
3,Leafeons,Muk-Alola,4,6,-2,7
3,Leafeons,Mienshao,5,7,-2,7
3,Leafeons,Mesprit,0,4,-4,4
3,Leafeons,Cryogonal,1,5,-4,6
3,Leafeons,Sharpedo-Mega,6,5,1,5
3,Leafeons,Kartana,0,1,-1,1
3,Leafeons,Entei,2,3,-1,3
3,Leafeons,Araquanid,1,5,-4,5
3,Leafeons,Haunter,2,3,-1,3
3,Regiskins,Celesteela,7,6,1,9
3,Regiskins,Rotom-Wash,0,6,-6,8
3,Regiskins,Crobat,7,4,3,7
3,Regiskins,Umbreon,3,3,0,4
3,Regiskins,Yanmega,4,3,1,4
3,Regiskins,Typhlosion,3,2,1,4
3,Regiskins,Gardevoir-Mega,8,5,3,7
3,Regiskins,Zygarde,9,5,4,9
3,Regiskins,Lycanroc-Dusk,6,6,0,7
3,Regiskins,Gourgeist-All,0,2,-2,2
3,Regiskins,Hitmontop,1,3,-2,5
4,Seadras,Manaphy,9,5,4,6
4,Seadras,Xurkitree,3,3,0,5
4,Seadras,Mandibuzz,2,3,-1,5
4,Seadras,Meloetta,6,7,-1,8
4,Seadras,Bronzong,1,3,-2,4
4,Seadras,Garbodor,1,2,-1,2
4,Seadras,Sceptile-Mega,5,3,2,4
4,Seadras,Infernape,4,7,-3,10
4,Seadras,Ninetales-Alola,0,6,-6,7
4,Seadras,Diggersby,6,5,1,7
4,Seadras,Rotom-Mow,0,1,-1,1
4,Dracos ,Clefable,4,6,-2,9
4,Dracos ,Hydreigon,7,5,2,7
4,Dracos ,Metagross,10,6,4,9
4,Dracos ,Chandelure,5,6,-1,6
4,Dracos ,Ditto,2,2,0,4
4,Dracos ,Walrein,1,4,-3,4
4,Dracos ,Abomasnow-Mega,5,5,0,7
4,Dracos ,Dugtrio,5,4,1,5
4,Dracos ,Tentacruel,2,3,-1,4
4,Dracos ,Thundurus,1,1,0,5
4,Dracos ,Accelgor,4,2,2,3
4,Chatots,Jirachi,6,2,4,6
4,Chatots,Landorus,4,4,0,6
4,Chatots,Salazzle,1,3,-2,4
4,Chatots,Primarina,3,3,0,6
4,Chatots,Exploud,2,4,-2,4
4,Chatots,Chatot,6,7,-1,9
4,Chatots,Steelix-Mega,6,5,1,6
4,Chatots,Noivern,0,2,-2,2
4,Chatots,Hoopa-Unbound,4,1,3,3
4,Chatots,Kartana,4,4,0,7
4,Chatots,Emolga,0,0,0,0
4,Metapods,Tornadus-Therian,7,7,0,9
4,Metapods,Raikou,2,5,-3,5
4,Metapods,Darmanitan,6,5,1,6
4,Metapods,Mienshao,3,4,-1,4
4,Metapods,Persian-Alola,2,3,-1,5
4,Metapods,Lanturn,1,7,-6,7
4,Metapods,Beedrill-Mega,11,9,2,11
4,Metapods,Greninja,6,5,1,6
4,Metapods,Azelf,0,3,-3,3
4,Metapods,Comfey,4,3,1,4
4,Metapods,Celebi,3,4,-1,4
4,Shaymins,Celesteela,8,2,6,6
4,Shaymins,Mamoswine,9,3,6,7
4,Shaymins,Decidueye,1,1,0,3
4,Shaymins,Silvally,1,3,-2,3
4,Shaymins,Gligar,3,1,2,6
4,Shaymins,Archeops,6,9,-3,10
4,Shaymins,Latias-Mega,0,1,-1,2
4,Shaymins,Zeraora,21,5,16,11
4,Shaymins,Sylveon,3,1,2,4
4,Shaymins,Drapion,1,1,0,1
4,Shaymins,Gurdurr,0,2,-2,2
4,Ribombees,Mew,3,8,-5,9
4,Ribombees,Gliscor,4,8,-4,8
4,Ribombees,Ferrothorn,1,6,-5,7
4,Ribombees,Umbreon,0,4,-4,4
4,Ribombees,Ribombee,2,6,-4,6
4,Ribombees,Delcatty,0,3,-3,3
4,Ribombees,Glalie-Mega,1,1,0,1
4,Ribombees,Dragalge,0,1,-1,1
4,Ribombees,Dedenne,0,2,-2,2
4,Ribombees,Cloyster,5,6,-1,6
4,Ribombees,Victini,16,9,7,10
4,Lanturns,Tapu_Koko,18,3,15,10
4,Lanturns,Gengar,5,4,1,6
4,Lanturns,Crobat,4,2,2,4
4,Lanturns,Incineroar,2,3,-1,6
4,Lanturns,Tsareena,0,3,-3,4
4,Lanturns,Raichu-Alola,2,0,2,1
4,Lanturns,Scizor-Mega,6,4,2,9
4,Lanturns,Zygarde,7,2,5,7
4,Lanturns,Mesprit,7,6,1,8
4,Lanturns,Seismitoad,4,4,0,6
4,Lanturns,Snorlax,7,2,5,5
4,Whiscashes,Tapu_Fini,4,10,-6,10
4,Whiscashes,Tangrowth,2,6,-4,6
4,Whiscashes,Cobalion,7,8,-1,12
4,Whiscashes,Flygon,7,8,-1,8
4,Whiscashes,Froslass,0,2,-2,2
4,Whiscashes,Raticate-Alola,,,0,
4,Whiscashes,Charizard-Mega Y,10,9,1,10
4,Whiscashes,Reuniclus,0,6,-6,8
4,Whiscashes,Thundurus-Therian,9,9,0,10
4,Whiscashes,Xatu,0,0,0,0
4,Whiscashes,Scyther,0,0,0,0
4,Primarinas,Zapdos,2,2,0,5
4,Primarinas,Cresselia,7,2,5,5
4,Primarinas,Shaymin,3,2,1,2
4,Primarinas,Vaporeon,0,4,-4,5
4,Primarinas,Pangoro,5,3,2,5
4,Primarinas,Magmortar,2,3,-1,4
4,Primarinas,Lopunny-Mega,13,2,11,8
4,Primarinas,Garchomp,3,2,1,7
4,Primarinas,Stakataka,6,3,3,4
4,Primarinas,Piloswine,2,3,-1,4
4,Primarinas,Cofagrigus,0,1,-1,1
4,Murkrows,Landorus-Therian,5,3,2,6
4,Murkrows,Togekiss,8,4,4,6
4,Murkrows,Nidoking,4,2,2,3
4,Murkrows,Jolteon,2,3,-1,4
4,Murkrows,Alomomola,0,1,-1,2
4,Murkrows,Gourgeist,0,2,-2,4
4,Murkrows,Alakazam-Mega,11,6,5,11
4,Murkrows,Kyurem-Black ,6,7,-1,9
4,Murkrows,Forretress,1,5,-4,5
4,Murkrows,Typhlosion,0,3,-3,5
4,Murkrows,Miltank,1,4,-3,8
4,Aggrons,Blacephalon,3,4,-1,7
4,Aggrons,Pelipper,3,5,-2,5
4,Aggrons,Haxorus,2,2,0,2
4,Aggrons,Machamp,0,0,0,0
4,Aggrons,Minior,2,0,2,1
4,Aggrons,Zangoose,0,1,-1,2
4,Aggrons,Venusaur-Mega,1,2,-1,3
4,Aggrons,Mimikyu,9,5,4,5
4,Aggrons,Klefki,0,2,-2,3
4,Aggrons,Delphox,0,1,-1,1
4,Aggrons,Malamar,1,1,0,2
4,Regiskins,Tyranitar,1,1,0,2
4,Regiskins,Hippowdon,0,8,-8,9
4,Regiskins,Arcanine,4,6,-2,8
4,Regiskins,Empoleon,8,1,7,3
4,Regiskins,Aromatisse,0,2,-2,3
4,Regiskins,Gogoat,0,1,-1,2
4,Regiskins,Latios-Mega,6,7,-1,8
4,Regiskins,Heliolisk,6,1,5,4
4,Regiskins,Excadrill,1,1,0,4
4,Regiskins,Cryogonal,2,1,1,3
4,Regiskins,Lycanroc-Day,8,6,2,8
5,Seadras,Tornadus-Therian,3,7,-4,9
5,Seadras,Mamoswine,10,6,4,10
5,Seadras,Mienshao,13,5,8,11
5,Seadras,Tentacruel,0,2,-2,2
5,Seadras,Aromatisse,7,5,2,7
5,Seadras,Zebstrika,1,0,1,1
5,Seadras,Aggron-Mega,8,8,0,10
5,Seadras,Goodra,2,4,-2,5
5,Seadras,Serperior,6,4,2,5
5,Seadras,Spiritomb,1,3,-2,3
5,Seadras,Azelf,0,1,-1,3
5,Dracos ,Zygarde,14,1,13,6
5,Dracos ,Rotom-Wash,2,6,-4,8
5,Dracos ,Muk-Alola,5,2,3,5
5,Dracos ,Whimsicott,1,4,-3,5
5,Dracos ,Bronzong,2,4,-2,5
5,Dracos ,Piloswine,2,1,1,3
5,Dracos ,Lopunny-Mega,11,4,7,7
5,Dracos ,Swellow,5,3,2,5
5,Dracos ,Mew,6,4,2,9
5,Dracos ,Incineroar,6,4,2,5
5,Dracos ,Accelgor,0,1,-1,1
5,Chatots,Garchomp,6,1,5,8
5,Chatots,Suicune,4,3,1,5
5,Chatots,Rotom-Heat,5,2,3,7
5,Chatots,Gardevoir,2,1,1,2
5,Chatots,Minior,1,1,0,2
5,Chatots,Chatot,4,0,4,3
5,Chatots,Venusaur-Mega,2,4,-2,8
5,Chatots,Bisharp,6,4,2,6
5,Chatots,Buzzwole,12,3,9,6
5,Chatots,Blissey,8,3,5,8
5,Chatots,Electrode,1,1,0,5
5,Archeops,Tyranitar,1,6,-5,5
5,Archeops,Landorus,2,4,-2,5
5,Archeops,Heliolisk,3,4,-1,4
5,Archeops,Mantine,0,3,-3,3
5,Archeops,Registeel,2,3,-1,3
5,Archeops,Jynx,1,3,-2,3
5,Archeops,Beedrill-Mega,3,2,1,3
5,Archeops,Slowbro,4,3,1,5
5,Archeops,Dragonite,12,6,6,7
5,Archeops,Chansey,2,2,0,4
5,Archeops,Granbull,0,4,-4,5
5,Shaymins,Keldeo,3,2,1,2
5,Shaymins,Sylveon,0,3,-3,3
5,Shaymins,Shaymin,0,2,-2,3
5,Shaymins,Gastrodon,1,6,-5,6
5,Shaymins,Vikavolt,1,3,-2,3
5,Shaymins,Magmortar,3,3,0,3
5,Shaymins,Latios-Mega,5,6,-1,7
5,Shaymins,Weavile,12,2,10,6
5,Shaymins,Hitmontop,0,4,-4,4
5,Shaymins,Doublade,5,2,3,3
5,Shaymins,Uxie,3,6,-3,7
5,Ribombees,Jirachi,7,8,-1,8
5,Ribombees,Infernape,3,6,-3,7
5,Ribombees,Vaporeon,3,8,-5,8
5,Ribombees,Kyurem,3,4,-1,4
5,Ribombees,Tsareena,3,2,1,3
5,Ribombees,Liepard,1,3,-2,3
5,Ribombees,Diancie-Mega,2,7,-5,7
5,Ribombees,Gengar,0,2,-2,3
5,Ribombees,Thundurus-Therian,3,3,0,4
5,Ribombees,Sandslash,1,3,-2,3
5,Ribombees,Shuckle,1,4,-3,4
5,Lanturns,Zeraora,9,8,1,10
5,Lanturns,Reuniclus,11,6,5,8
5,Lanturns,Silvally,4,3,1,4
5,Lanturns,Nidoqueen,7,5,2,5
5,Lanturns,Druddigon,0,4,-4,4
5,Lanturns,Lickilicky,1,4,-3,3
5,Lanturns,Aerodactyl-Mega,4,7,-3,7
5,Lanturns,Klefki,1,4,-3,5
5,Lanturns,Scolipede,7,6,1,7
5,Lanturns,Breloom,2,5,-3,5
5,Lanturns,Seismitoad,1,1,0,1
5,Whiscashes,Celesteela,3,8,-5,9
5,Whiscashes,Togekiss,2,6,-4,7
5,Whiscashes,Haxorus,5,9,-4,9
5,Whiscashes,Swampert,2,3,-1,3
5,Whiscashes,Skuntank,0,2,-2,2
5,Whiscashes,Hitmonchan,0,0,0,0
5,Whiscashes,Manectric-Mega,6,7,-1,9
5,Whiscashes,Volcarona,8,6,2,7
5,Whiscashes,Celebi,3,4,-1,5
5,Whiscashes,Lycanroc,1,2,-1,2
5,Whiscashes,Type_Null,0,0,0,0
5,Primarinas,Tapu_Koko,4,6,-2,11
5,Primarinas,Hydreigon,1,2,-1,3
5,Primarinas,Decidueye,2,4,-2,4
5,Primarinas,Porygon2,9,1,8,6
5,Primarinas,Archeops,3,5,-2,6
5,Primarinas,Golurk,0,1,-1,1
5,Primarinas,Scizor-Mega,6,6,0,9
5,Primarinas,Volcanion,9,7,2,10
5,Primarinas,Hawlucha,7,4,3,6
5,Primarinas,Sneasel,2,5,-3,5
5,Primarinas,Raichu-Alola,6,2,4,5
5,Murkrows,Victini,13,5,8,9
5,Murkrows,Ferrothorn,3,4,-1,5
5,Murkrows,Ninetales-Alola,3,4,-1,5
5,Murkrows,Crobat,4,3,1,6
5,Murkrows,Cofagrigus,0,1,-1,1
5,Murkrows,Tauros,0,0,0,0
5,Murkrows,Blastoise-Mega,3,8,-5,9
5,Murkrows,Landorus-Therian,12,5,7,8
5,Murkrows,Cobalion,3,3,0,3
5,Murkrows,Jolteon,6,3,3,6
5,Murkrows,Pangoro,3,5,-2,8
5,Aggrons,Kyurem-Black,7,6,1,8
5,Aggrons,Mimikyu,5,7,-2,9
5,Aggrons,Darmanitan,6,6,0,8
5,Aggrons,Zygarde-10,3,5,-2,6
5,Aggrons,Machamp,3,3,0,4
5,Aggrons,Malamar,3,3,0,3
5,Aggrons,Pidgeot-Mega,6,5,1,5
5,Aggrons,Starmie,5,6,-1,6
5,Aggrons,Kartana,8,9,-1,9
5,Aggrons,Porygon-Z,2,3,-1,4
5,Aggrons,Zangoose,1,2,-1,2
5,Regiskins,Clefable,4,4,0,5
5,Regiskins,Raikou,2,4,-2,6
5,Regiskins,Empoleon,2,4,-2,6
5,Regiskins,Krookodile,2,3,-1,4
5,Regiskins,Sceptile,3,4,-1,4
5,Regiskins,Shedinja,0,2,-2,2
5,Regiskins,Gallade-Mega,10,5,5,8
5,Regiskins,Salamence,3,6,-3,7
5,Regiskins,Arcanine,9,5,4,7
5,Regiskins,Gligar,1,4,-3,4
5,Regiskins,Komala,1,1,0,1
6,Seadras,Togekiss,9,6,3,9
6,Seadras,Rotom-Heat,1,8,-7,8
6,Seadras,Silvally,2,4,-2,6
6,Seadras,Tsareena,1,4,-3,5
6,Seadras,Cacturne,1,1,0,1
6,Seadras,Slowbro-Mega,5,5,0,11
6,Seadras,Dugtrio,3,2,1,3
6,Seadras,Nihilego,12,3,9,8
6,Seadras,Lucario,1,2,-1,2
6,Seadras,Shuckle,0,2,-2,2
6,Dracos ,Tornadus-Therian,8,6,2,9
6,Dracos ,Buzzwole,5,4,1,6
6,Dracos ,Jolteon,11,4,7,7
6,Dracos ,Nidoking,9,4,5,6
6,Dracos ,Aromatisse,1,3,-2,3
6,Dracos ,Lurantis,0,1,-1,1
6,Dracos ,Blastoise-Mega,6,8,-2,9
6,Dracos ,Jirachi,5,4,1,8
6,Dracos ,Haxorus,2,1,1,2
6,Dracos ,Krookodile,2,3,-1,5
6,Dracos ,Ambipom,0,2,-2,2
6,Chatots,Zygarde,16,4,12,8
6,Chatots,Tangrowth,1,3,-2,5
6,Chatots,Ninetales-Alola,2,3,-1,6
6,Chatots,Muk-Alola,4,3,1,4
6,Chatots,Uxie,0,5,-5,5
6,Chatots,Rotom,1,2,-1,2
6,Chatots,Scizor-Mega,6,4,2,9
6,Chatots,Greninja,17,4,13,10
6,Chatots,Hitmontop,2,2,0,3
6,Chatots,Tornadus,9,5,4,7
6,Chatots,Chansey,1,2,-1,7
6,Archeops,Hoopa-Unbound,10,6,4,7
6,Archeops,Toxapex,2,5,-3,6
6,Archeops,Mienshao,4,6,-2,6
6,Archeops,Galvantula,0,6,-6,7
6,Archeops,Comfey,0,4,-4,6
6,Archeops,Magmortar,0,3,-3,3
6,Archeops,Sceptile-Mega,1,2,-1,3
6,Archeops,Gengar,3,5,-2,5
6,Archeops,Donphan,4,7,-3,7
6,Archeops,Metagross,5,8,-3,8
6,Archeops,Whimsicott,0,2,-2,2
6,Shaymins,Weavile,18,5,13,9
6,Shaymins,Klefki,3,7,-4,9
6,Shaymins,Gastrodon,1,2,-1,2
6,Shaymins,Porygon2,1,1,0,6
6,Shaymins,Gligar,0,0,0,1
6,Shaymins,Dewgong,1,2,-1,2
6,Shaymins,Manectric-Mega,11,4,7,9
6,Shaymins,Victini,10,2,8,7
6,Shaymins,Serperior,5,6,-1,7
6,Shaymins,Druddigon,1,8,-7,10
6,Shaymins,Passimian,5,1,4,4
6,Ribombees,Celesteela,6,6,0,7
6,Ribombees,Sylveon,2,3,-1,4
6,Ribombees,Crobat,0,3,-3,3
6,Ribombees,Shaymin,0,3,-3,3
6,Ribombees,Cinccino,2,2,0,2
6,Ribombees,Lanturn,1,3,-2,3
6,Ribombees,Heracross-Mega,1,1,0,2
6,Ribombees,Mamoswine,6,8,-2,8
6,Ribombees,Zoroark,0,1,-1,2
6,Ribombees,Darmanitan,0,5,-5,6
6,Ribombees,Ditto,0,1,-1,1
6,Lanturns,Landorus-Therian,12,6,6,10
6,Lanturns,Rotom-Wash,1,5,-4,6
6,Lanturns,Snorlax,1,2,-1,4
6,Lanturns,Empoleon,1,5,-4,7
6,Lanturns,Vikavolt,8,4,4,7
6,Lanturns,Tangela,0,2,-2,2
6,Lanturns,Gallade-Mega,17,6,11,10
6,Lanturns,Clefable,4,4,0,8
6,Lanturns,Hydreigon,4,2,2,6
6,Lanturns,Accelgor,1,2,-1,2
6,Lanturns,Weezing,1,4,-3,4
6,Whiscashes,Tapu_Fini,2,7,-5,8
6,Whiscashes,Gliscor,5,4,1,5
6,Whiscashes,Cobalion,2,8,-6,9
6,Whiscashes,Incineroar,3,7,-4,9
6,Whiscashes,Barbaracle,6,1,5,3
6,Whiscashes,Cryogonal,0,0,0,0
6,Whiscashes,Latias-Mega,3,8,-5,10
6,Whiscashes,Raikou,3,5,-2,5
6,Whiscashes,Roserade,4,5,-1,6
6,Whiscashes,Staraptor,3,4,-1,4
6,Whiscashes,Ribombee,0,0,0,0
6,Primarinas,Necrozma,9,6,3,9
6,Primarinas,Infernape,15,5,10,10
6,Primarinas,Kyurem,5,6,-1,8
6,Primarinas,Amoonguss,7,6,1,10
6,Primarinas,Magneton,1,1,0,1
6,Primarinas,Stoutland,0,1,-1,1
6,Primarinas,Pidgeot-Mega,0,3,-3,4
6,Primarinas,Tyranitar,3,4,-1,5
6,Primarinas,Florges,1,3,-2,7
6,Primarinas,Swampert,4,7,-3,10
6,Primarinas,Mismagius,0,1,-1,1
6,Murkrows,Tapu_Bulu,6,7,-1,9
6,Murkrows,Dragonite,10,3,7,5
6,Murkrows,Arcanine,0,7,-7,8
6,Murkrows,Nidoqueen,8,8,0,10
6,Murkrows,Sneasel,2,1,1,3
6,Murkrows,Lickilicky,1,4,-3,4
6,Murkrows,Aggron-Mega,4,5,-1,6
6,Murkrows,Mew,7,7,0,10
6,Murkrows,Heliolisk,4,2,2,3
6,Murkrows,Cloyster,1,1,0,2
6,Murkrows,Primeape,4,2,2,6
6,Aggrons,Tapu_Koko,0,5,-5,6
6,Aggrons,Starmie,4,8,-4,9
6,Aggrons,Flygon,2,3,-1,4
6,Aggrons,Venomoth,0,3,-3,5
6,Aggrons,Talonflame,3,4,-1,5
6,Aggrons,Malamar,5,4,1,6
6,Aggrons,Charizard-Mega-X,8,10,-2,10
6,Aggrons,Excadrill,6,5,1,7
6,Aggrons,Breloom,5,4,1,5
6,Aggrons,Drifblim,4,4,0,6
6,Aggrons,Sigilyph,2,3,-1,3
6,Regiskins,Zeraora,14,7,7,10
6,Regiskins,Cresselia,1,2,-1,4
6,Regiskins,Chandelure,4,4,0,6
6,Regiskins,Zygarde-10,7,4,3,7
6,Regiskins,Quagsire,1,6,-5,7
6,Regiskins,Gurdurr,2,1,1,2
6,Regiskins,Diancie-Mega,3,3,0,5
6,Regiskins,Leafeon,0,1,-1,1
6,Regiskins,Goodra,4,7,-3,8
6,Regiskins,Persian-Alola,0,1,-1,4
6,Regiskins,Skarmory,5,9,-4,11
7,Seadras,Melmetal,11,10,1,10
7,Seadras,Gliscor,0,7,-7,7
7,Seadras,Incineroar,3,5,-2,5
7,Seadras,Amoonguss,0,3,-3,4
7,Seadras,Seismitoad,0,2,-2,2
7,Seadras,Abomasnow,4,1,3,2
7,Seadras,Alakazam-Mega,9,9,0,10
7,Seadras,Kommo-o,2,6,-4,7
7,Seadras,Mimikyu,1,7,-6,7
7,Seadras,Scyther,1,2,-1,2
7,Seadras,Ribombee,0,3,-3,3
7,Metapods,Hydreigon,6,2,4,4
7,Metapods,Infernape,4,2,2,4
7,Metapods,Crobat,2,2,0,5
7,Metapods,Shaymin,2,2,0,3
7,Metapods,Jellicent,1,1,0,2
7,Metapods,Electrode,0,1,-1,2
7,Metapods,Aggron-Mega,4,3,1,4
7,Metapods,Reuniclus,0,2,-2,3
7,Metapods,Donphan,4,5,-1,6
7,Metapods,Cloyster,6,1,5,2
7,Metapods,Comfey,0,1,-1,1
7,Chatots,Landorus-Therian,9,4,5,9
7,Chatots,Corviknight,13,1,12,9
7,Chatots,Arcanine,5,2,3,5
7,Chatots,Mienshao,3,1,2,3
7,Chatots,Vikavolt,6,3,3,9
7,Chatots,Unown,0,0,0,0
7,Chatots,Diancie-Mega,4,5,-1,7
7,Chatots,Toxtricity,3,2,1,5
7,Chatots,Dracovish,11,3,8,6
7,Chatots,Tangrowth,3,1,2,6
7,Chatots,Chatot,0,1,-1,1
7,Archeops,Jirachi,3,8,-5,8
7,Archeops,Pelipper,4,9,-5,9
7,Archeops,Kingdra,7,3,4,4
7,Archeops,Heracross,4,5,-1,5
7,Archeops,Magneton,0,6,-6,7
7,Archeops,Piloswine,3,5,-2,5
7,Archeops,Venusaur-Mega,4,6,-2,7
7,Archeops,Barraskewda,2,6,-4,7
7,Archeops,Florges,5,3,2,4
7,Archeops,Orbeetle,2,5,-3,6
7,Archeops,Drednaw,3,3,0,4
7,Shaymins,Tapu_Koko,11,6,5,10
7,Shaymins,Milotic,2,3,-1,6
7,Shaymins,Obstagoon,3,2,1,5
7,Shaymins,Runerigus,1,2,-1,4
7,Shaymins,Uxie,2,6,-4,6
7,Shaymins,Raichu-Alola,19,5,14,9
7,Shaymins,Scizor-Mega,6,3,3,6
7,Shaymins,Zygarde,4,7,-3,7
7,Shaymins,Serperior,2,1,1,2
7,Shaymins,Shiinotic,0,2,-2,2
7,Shaymins,Centiskorch,2,3,-1,3
7,Crobats,Darmanitan-Galar,7,4,3,6
7,Crobats,Weezing-Galar,5,7,-2,8
7,Crobats,Moltres,0,0,0,4
7,Crobats,Corsola-Galar,0,1,-1,2
7,Crobats,Virizion,0,1,-1,1
7,Crobats,Ariados,0,1,-1,1
7,Crobats,Latias-Mega,0,4,-4,6
7,Crobats,Excadrill,28,4,24,10
7,Crobats,Suicune,5,5,0,8
7,Crobats,Gigalith,6,6,0,8
7,Crobats,Morpeko,1,2,-1,2
7,Lanturns,Mew,14,5,9,11
7,Lanturns,Scolipede,5,4,1,6
7,Lanturns,Haxorus,8,4,4,4
7,Lanturns,Primarina,7,5,2,8
7,Lanturns,Vanilluxe,4,3,1,3
7,Lanturns,Lickilicky,0,2,-2,3
7,Lanturns,Lopunny-Mega,9,4,5,8
7,Lanturns,Silvally,0,6,-6,7
7,Lanturns,Krookodile,3,2,1,3
7,Lanturns,Rotom-Heat,0,0,0,5
7,Lanturns,Decidueye,0,1,-1,1
7,Whiscashes,Dragapult,9,7,2,9
7,Whiscashes,Togekiss,6,8,-2,9
7,Whiscashes,Empoleon,2,5,-3,5
7,Whiscashes,Salazzle,1,2,-1,2
7,Whiscashes,Tsareena,1,5,-4,5
7,Whiscashes,Raticate-Alola,0,0,0,0
7,Whiscashes,Beedrill-Mega,3,7,-4,7
7,Whiscashes,Necrozma,8,9,-1,10
7,Whiscashes,Raikou,2,5,-3,6
7,Whiscashes,Lycanroc,1,3,-2,3
7,Whiscashes,Machamp,3,4,-1,4
7,Primarinas,Tornadus-Therian,4,4,0,10
7,Primarinas,Grimmsnarl,3,7,-4,10
7,Primarinas,Chandelure,3,1,2,1
7,Primarinas,Porygon2,10,4,6,9
7,Primarinas,Alomomola,2,5,-3,7
7,Primarinas,Leavanny,3,0,3,1
7,Primarinas,Gallade-Mega,10,4,6,8
7,Primarinas,Magnezone,1,2,-1,4
7,Primarinas,Garchomp,9,4,5,7
7,Primarinas,Eldegoss,0,0,0,0
7,Primarinas,Rotom-Frost,0,1,-1,2
7,Murkrows,Cinderace,5,5,0,6
7,Murkrows,Hatterene,0,2,-2,3
7,Murkrows,Araquanid,5,7,-2,9
7,Murkrows,Nidoking,4,4,0,3
7,Murkrows,Hitmontop,2,3,-1,5
7,Murkrows,Leafeon,0,1,-1,1
7,Murkrows,Pidgeot-Mega,7,7,0,9
7,Murkrows,Skarmory,3,5,-2,7
7,Murkrows,Dracozolt,8,6,2,8
7,Murkrows,Muk-Alola,4,8,-4,9
7,Murkrows,Malamar,0,1,-1,1
7,Aggrons,Hawlucha,3,8,-5,8
7,Aggrons,Volcanion,11,8,3,10
7,Aggrons,Slurpuff,4,6,-2,7
7,Aggrons,Zygarde-10,4,7,-3,9
7,Aggrons,Hitmonlee,6,1,5,3
7,Aggrons,Drifblim,5,5,0,7
7,Aggrons,Steelix-Mega,1,4,-3,5
7,Aggrons,Tapu_Bulu,0,0,0,0
7,Aggrons,Boltund,1,2,-1,1
7,Aggrons,Volcarona,0,1,-1,1
7,Aggrons,Liepard,4,6,-2,7
7,Politoads,Clefable,4,6,-2,6
7,Politoads,Kyurem,4,5,-1,6
7,Politoads,Emboar,1,3,-2,3
7,Politoads,Swellow,0,4,-4,4
7,Politoads,Rotom-Mow,8,5,3,5
7,Politoads,Dottler,1,2,-1,2
7,Politoads,Slowbro-Mega,1,1,0,2
7,Politoads,Nihilego,2,3,-1,3
7,Politoads,Persian-Alola,0,1,-1,1
7,Politoads,Dugtrio,2,2,0,3
7,Politoads,Ferrothorn,3,4,-1,4
8,Seadras,Dragapult,12,6,6,8
8,Seadras,Infernape,15,7,8,11
8,Seadras,Slowking,6,8,-2,9
8,Seadras,Krookodile,2,8,-6,8
8,Seadras,Magneton,0,2,-2,3
8,Seadras,Carracosta,1,2,-1,2
8,Seadras,Scizor-Mega,5,6,-1,10
8,Seadras,Clefable,1,7,-6,8
8,Seadras,Amoonguss,4,2,2,4
8,Seadras,Articuno,1,2,-1,2
8,Seadras,Exploud,1,1,0,1
8,Ribombees,Zeraora,5,4,1,6
8,Ribombees,Slowbro,0,3,-3,4
8,Ribombees,Porygon2,2,2,0,2
8,Ribombees,Silvally,0,1,-1,2
8,Ribombees,Rhyperior,3,8,-5,10
8,Ribombees,Chatot,0,3,-3,3
8,Ribombees,Altaria-Mega,0,2,-2,3
8,Ribombees,Kartana,6,8,-2,9
8,Ribombees,Vanilluxe,1,4,-3,4
8,Ribombees,Emboar,3,4,-1,4
8,Ribombees,Spiritomb,0,3,-3,3
8,Chatots,Darmanitan-Galar,17,2,15,11
8,Chatots,Skarmory,5,4,1,8
8,Chatots,Rotom-Heat,3,5,-2,8
8,Chatots,Muk-Alola,5,4,1,6
8,Chatots,Jellicent,1,2,-1,2
8,Chatots,Rhydon,0,0,0,0
8,Chatots,Latias-Mega,19,3,16,10
8,Chatots,Whimsicott,0,5,-5,6
8,Chatots,Buzzwole,3,2,1,3
8,Chatots,Chansey,2,2,0,7
8,Chatots,Noivern,0,2,-2,5
8,Poggers,Victini,6,7,-1,7
8,Poggers,Sylveon,2,7,-5,8
8,Poggers,Haxorus,1,3,-2,4
8,Poggers,Crobat,1,3,-2,3
8,Poggers,Arctovish,2,5,-3,5
8,Poggers,Tangela,2,4,-2,4
8,Poggers,Pidgeot-Mega,2,3,-1,3
8,Poggers,Excadrill,9,8,1,8
8,Poggers,Hippowdon,4,7,-3,7
8,Poggers,Galvantula,0,5,-5,5
8,Poggers,Primeape,0,4,-4,4
8,Shaymins,Landorus-Therian,9,10,-1,11
8,Shaymins,Florges,2,3,-1,6
8,Shaymins,Blastoise,0,4,-4,5
8,Shaymins,Breloom,1,3,-2,7
8,Shaymins,Uxie,0,1,-1,2
8,Shaymins,Zebstrika,3,2,1,3
8,Shaymins,Latios-Mega,11,2,9,7
8,Shaymins,Corviknight,2,4,-2,8
8,Shaymins,Scolipede,14,4,10,5
8,Shaymins,Typhlosion,6,2,4,5
8,Shaymins,Raticate-Alola,1,2,-1,3
8,Crobats,Celesteela,7,9,-2,11
8,Crobats,Greninja,7,7,0,10
8,Crobats,Arcanine,0,0,0,9
8,Crobats,Shaymin,0,2,-2,4
8,Crobats,Mesprit,0,1,-1,1
8,Crobats,Rotom,0,1,-1,1
8,Crobats,Diancie-Mega,3,5,-2,7
8,Crobats,Garchomp,11,6,5,10
8,Crobats,Toxapex,7,5,2,9
8,Crobats,Hitmontop,0,1,-1,1
8,Crobats,Kangaskhan,2,3,-1,3
8,Krookodiles,Tapu_Koko,5,3,2,8
8,Krookodiles,Kyurem,7,2,5,6
8,Krookodiles,Nidoking,2,1,1,3
8,Krookodiles,Swampert,3,3,0,4
8,Krookodiles,Charizard,3,4,-1,1
8,Krookodiles,Stoutland,1,2,-1,2
8,Krookodiles,Absol-Mega,1,3,-2,3
8,Krookodiles,Serperior,2,3,-1,3
8,Krookodiles,Gengar,0,1,-1,2
8,Krookodiles,Azelf,0,0,0,1
8,Krookodiles,Registeel,0,2,-2,6
8,Lickilicky,Melmetal,6,4,2,8
8,Lickilicky,Reuniclus,1,4,-3,5
8,Lickilicky,Nidoqueen,1,3,-2,3
8,Lickilicky,Jolteon,1,3,-2,3
8,Lickilicky,Hariyama,1,2,-1,2
8,Lickilicky,Exeggutor-Alola,1,0,1,1
8,Lickilicky,Camerupt-Mega,7,3,4,6
8,Lickilicky,Tornadus-Therian,15,5,10,9
8,Lickilicky,Ninetales-Alola,2,6,-4,4
8,Lickilicky,Araquanid,3,3,0,3
8,Lickilicky,Persian-Alola,0,1,-1,1
8,Primarinas,Aegislash,3,4,-1,8
8,Primarinas,Togekiss,0,2,-2,3
8,Primarinas,Empoleon,4,6,-2,10
8,Primarinas,Tornadus,3,3,0,7
8,Primarinas,Tsareena,1,1,0,1
8,Primarinas,Gurdurr,1,1,0,3
8,Primarinas,Manectric-Mega,10,5,5,11
8,Primarinas,Hydreigon,19,4,15,9
8,Primarinas,Mamoswine,9,7,2,11
8,Primarinas,Talonflame,5,0,5,3
8,Primarinas,Orbeetle,0,0,0,0
8,Aggies,Mew,7,7,0,11
8,Aggies,Rotom-Wash,10,5,5,11
8,Aggies,Incineroar,11,7,4,10
8,Aggies,Cobalion,5,1,4,3
8,Aggies,Ribombee,1,1,0,1
8,Aggies,Piloswine,2,5,-3,5
8,Aggies,Aerodactyl-Mega,12,7,5,11
8,Aggies,Zygarde,8,5,3,9
8,Aggies,Dhelmise,0,0,0,0
8,Aggies,Weezing,5,4,1,4
8,Aggies,Porygon-Z,0,1,-1,1
8,Aggrons,Heatran,1,8,-7,8
8,Aggrons,Starmie,4,6,-2,8
8,Aggrons,Roserade,1,3,-2,3
8,Aggrons,Mienshao,1,3,-2,4
8,Aggrons,Cinccino,0,0,0,0
8,Aggrons,Fearow,0,2,-2,2
8,Aggrons,Houndoom-Mega,1,3,-2,3
8,Aggrons,Heliolisk,2,6,-4,6
8,Aggrons,Flygon,1,7,-6,8
8,Aggrons,Mimikyu,3,6,-3,6
8,Aggrons,Polteageist,12,7,5,8
8,Politoeds,Volcarona,8,6,2,7
8,Politoeds,Gliscor,4,6,-2,6
8,Politoeds,Primarina,2,5,-3,5
8,Politoeds,Obstagoon,3,7,-4,7
8,Politoeds,Rotom-Mow,0,1,-1,1
8,Politoeds,Lickilicky,0,4,-4,5
8,Politoeds,Lopunny-Mega,8,4,4,7
8,Politoeds,Goodra,2,3,-1,4
8,Politoeds,Jirachi,2,3,-1,4
8,Politoeds,Cryogonal,1,2,-1,3
8,Politoeds,Qwilfish,2,5,-3,5
9,Seadras,Zeraora,18,7,11,10
9,Seadras,Skarmory,0,6,-6,6
9,Seadras,Flygon,1,1,0,1
9,Seadras,Vaporeon,8,4,4,8
9,Seadras,Centiskorch,0,4,-4,4
9,Seadras,Rhydon,1,1,0,1
9,Seadras,Diancie-Mega,3,6,-3,6
9,Seadras,Celebi,1,6,-5,7
9,Seadras,Mienshao,7,9,-2,10
9,Seadras,Bisharp,2,3,-1,4
9,Seadras,Froslass,0,1,-1,1
9,Ribombees,Victini,11,8,3,10
9,Ribombees,Tangrowth,5,4,1,7
9,Ribombees,Cloyster,4,6,-2,7
9,Ribombees,Venomoth,1,1,0,1
9,Ribombees,Archeops,8,5,3,7
9,Ribombees,Gurdurr,6,4,2,6
9,Ribombees,Manectric-Mega,4,3,1,3
9,Ribombees,Hydreigon,3,3,0,3
9,Ribombees,Klefki,0,2,-2,2
9,Ribombees,Golurk,3,5,-2,6
9,Ribombees,Exploud,2,2,0,3
9,Chatots,Dragapult,6,7,-1,9
9,Chatots,Hippowdon,3,5,-2,7
9,Chatots,Slowking,3,4,-1,8
9,Chatots,Mandibuzz,4,6,-2,9
9,Chatots,Virizion,0,1,-1,1
9,Chatots,Boltund,0,0,0,0
9,Chatots,Audino-Mega,2,2,0,7
9,Chatots,Heatran,5,7,-2,8
9,Chatots,Lycanroc,7,4,3,6
9,Chatots,Darmanitan-Galar,20,3,17,9
9,Chatots,Escavalier,1,2,-1,2
9,Poggers,Mew,2,5,-3,6
9,Poggers,Infernape,6,5,1,6
9,Poggers,Blastoise,3,5,-2,5
9,Poggers,Weezing-Galar,0,3,-3,4
9,Poggers,Yanmega,6,6,0,7
9,Poggers,Kecleon,1,2,-1,2
9,Poggers,Steelix-Mega,4,5,-1,6
9,Poggers,Zygarde,4,8,-4,10
9,Poggers,Sneasel,2,5,-3,5
9,Poggers,Zapdos,3,5,-2,6
9,Poggers,Gourgeist,2,3,-1,3
9,Shaymins,Melmetal,7,6,1,6
9,Shaymins,Greninja,3,8,-5,9
9,Shaymins,Umbreon,1,3,-2,4
9,Shaymins,Crobat,6,5,1,8
9,Shaymins,Typhlosion,1,1,0,2
9,Shaymins,Mismagius,2,2,0,3
9,Shaymins,Lopunny-Mega,17,9,8,10
9,Shaymins,Clefable,3,10,-7,11
9,Shaymins,Reuniclus,4,5,-1,6
9,Shaymins,Dragalge,1,2,-1,2
9,Shaymins,Raichu,0,2,-2,2
9,Crobats,Tapu_Koko,12,6,6,9
9,Crobats,Gliscor,6,5,1,8
9,Crobats,Snorlax,0,0,0,5
9,Crobats,Moltres,7,7,0,9
9,Crobats,Persian-Alola,2,3,-1,3
9,Crobats,Leavanny,0,0,0,0
9,Crobats,Scizor-Mega,1,5,-4,5
9,Crobats,Kyurem,6,4,2,6
9,Crobats,Keldeo,2,5,-3,6
9,Crobats,Raichu-Alola,7,1,6,3
9,Crobats,Thwackey,2,0,2,2
9,Dracos,Rillaboom,9,2,7,8
9,Dracos,Gengar,2,2,0,4
9,Dracos,Muk-Alola,8,3,5,6
9,Dracos,Primarina,11,6,5,8
9,Dracos,Miltank,0,4,-4,5
9,Dracos,Primeape,0,1,-1,2
9,Dracos,Charizard-Mega-X,11,7,4,9
9,Dracos,Necrozma,8,5,3,9
9,Dracos,Forretress,1,4,-3,8
9,Dracos,Rhyperior,2,2,0,2
9,Dracos,Rotom-Frost,7,2,5,3
9,Lanturns,Corviknight,1,4,-3,5
9,Lanturns,Sylveon,6,9,-3,10
9,Lanturns,Rotom-Heat,4,8,-4,8
9,Lanturns,Porygon-Z,6,2,4,6
9,Lanturns,Seismitoad,4,4,0,5
9,Lanturns,Noctowl,0,1,-1,1
9,Lanturns,Gallade-Mega,8,5,3,9
9,Lanturns,Dracovish,12,5,7,8
9,Lanturns,Mesprit,0,3,-3,3
9,Lanturns,Ribombee,2,3,-1,6
9,Lanturns,Zoroark,9,4,5,5
9,Primarinas,Conkeldurr,9,3,6,10
9,Primarinas,Entei,9,5,4,9
9,Primarinas,Roserade,3,1,2,4
9,Primarinas,Feraligatr,7,1,6,3
9,Primarinas,Jolteon,2,3,-1,3
9,Primarinas,Piloswine,4,3,1,5
9,Primarinas,Latios-Mega,13,4,9,10
9,Primarinas,Celesteela,8,5,3,11
9,Primarinas,Grimmsnarl,1,4,-3,5
9,Primarinas,Cofagrigus,3,3,0,5
9,Primarinas,Masquerain,0,1,-1,1
9,Aggies,Jirachi,4,7,-3,7
9,Aggies,Togekiss,7,4,3,6
9,Aggies,Haxorus,1,2,-1,3
9,Aggies,Incineroar,5,5,0,7
9,Aggies,Vikavolt,0,4,-4,5
9,Aggies,Weezing,2,2,0,3
9,Aggies,Pidgeot-Mega,7,5,2,8
9,Aggies,Donphan,3,4,-1,7
9,Aggies,Terrakion,12,5,7,9
9,Aggies,Tsareena,8,2,6,6
9,Aggies,Empoleon,3,4,-1,5
9,Aggrons,Thundurus,4,1,3,2
9,Aggrons,Starmie,6,6,0,7
9,Aggrons,Whimsicott,0,0,0,0
9,Aggrons,Indeedee,0,5,-5,5
9,Aggrons,Gigalith,0,1,-1,2
9,Aggrons,Liepard,2,5,-3,5
9,Aggrons,Garchomp-Mega,0,1,-1,2
9,Aggrons,Excadrill,1,7,-6,7
9,Aggrons,Darmanitan,5,8,-3,8
9,Aggrons,Swellow,3,5,-2,5
9,Aggrons,Haunter,0,2,-2,2
9,Multiscalers,Tornadus-Therian,6,6,0,7
9,Multiscalers,Florges,0,3,-3,3
9,Multiscalers,Galvantula,1,5,-4,5
9,Multiscalers,Arcanine,2,4,-2,4
9,Multiscalers,Sirfetchd,6,8,-2,7
9,Multiscalers,Sandslash,0,4,-4,4
9,Multiscalers,Venusaur-Mega,4,6,-2,6
9,Multiscalers,Hoopa-Unbound,13,8,5,10
9,Multiscalers,Milotic,0,5,-5,6
9,Multiscalers,Noivern,3,4,-1,4
9,Multiscalers,Ferroseed,0,2,-2,2
10,Oricorios,Landorus-Therian,7,8,-1,10
10,Oricorios,Volcanion,15,7,8,9
10,Oricorios,Cobalion,0,4,-4,4
10,Oricorios,Haxorus,4,4,0,5
10,Oricorios,Uxie,3,7,-4,8
10,Oricorios,Probopass,0,0,0,0
10,Oricorios,Beedrill-Mega,7,6,1,10
10,Oricorios,Umbreon,4,4,0,4
10,Oricorios,Whimsicott,2,4,-2,4
10,Oricorios,Aurorus,1,3,-2,3
10,Oricorios,Zapdos,6,8,-2,9
10,Metapods,Tapu_Koko,4,7,-3,7
10,Metapods,Buzzwole,0,5,-5,5
10,Metapods,Vaporeon,3,6,-3,7
10,Metapods,Amoonguss,0,2,-2,2
10,Metapods,Houndoom,2,3,-1,3
10,Metapods,Golurk,1,4,-3,4
10,Metapods,Aggron-Mega,5,6,-1,7
10,Metapods,Salamence,0,5,-5,5
10,Metapods,Lycanroc-Dusk,1,2,-1,2
10,Metapods,Cinccino,0,0,0,0
10,Metapods,Raichu-Alola,2,4,-2,5
10,Chatots,Melmetal,13,5,8,10
10,Chatots,Kyurem,17,2,15,9
10,Chatots,Nidoking,4,4,0,7
10,Chatots,Araquanid,2,5,-3,8
10,Chatots,Talonflame,1,3,-2,4
10,Chatots,Rotom,0,0,0,1
10,Chatots,Gallade-Mega,6,3,3,8
10,Chatots,Grimmsnarl,3,6,-3,9
10,Chatots,Rillaboom,13,2,11,6
10,Chatots,Lycanroc,3,2,1,4
10,Chatots,Meganium,0,0,0,0
10,Poggers,Dracovish,13,4,9,7
10,Poggers,Mamoswine,2,4,-2,8
10,Poggers,Rotom-Heat,4,7,-3,9
10,Poggers,Shaymin,5,3,2,6
10,Poggers,Pangoro,3,3,0,3
10,Poggers,Klinklang,0,0,0,0
10,Poggers,Alakazam-Mega,6,4,2,7
10,Poggers,Clefable,5,6,-1,8
10,Poggers,Froslass,0,1,-1,1
10,Poggers,Ariados,0,2,-2,2
10,Poggers,Skarmory,1,5,-4,7
10,Shaymins,Urshifu-Rapid-Strike,15,4,11,11
10,Shaymins,Gliscor,12,3,9,7
10,Shaymins,Moltres,3,3,0,4
10,Shaymins,Doublade,6,3,3,4
10,Shaymins,Ribombee,3,3,0,4
10,Shaymins,Cryogonal,3,3,0,4
10,Shaymins,Altaria-Mega,0,1,-1,4
10,Shaymins,Regieleki,4,4,0,10
10,Shaymins,Tangrowth,4,5,-1,7
10,Shaymins,Miltank,0,5,-5,8
10,Shaymins,Omastar,5,2,3,3
10,Crobats,Heatran,1,5,-4,5
10,Crobats,Zarude,0,2,-2,2
10,Crobats,Weezing-Galar,5,8,-3,9
10,Crobats,Galvantula,1,2,-1,2
10,Crobats,Mudsdale,2,2,0,4
10,Crobats,Lickilicky,0,4,-4,4
10,Crobats,Aerodactyl-Mega,11,4,7,7
10,Crobats,Mew,0,7,-7,10
10,Crobats,Milotic,6,2,4,4
10,Crobats,Noivern,0,0,0,0
10,Crobats,Druddigon,1,4,-3,4
10,Murkrows,Zygarde,6,7,-1,8
10,Murkrows,Infernape,1,5,-4,6
10,Murkrows,Chesnaught,2,2,0,2
10,Murkrows,Mandibuzz,1,4,-3,4
10,Murkrows,Jolteon,3,4,-1,4
10,Murkrows,Rhydon,3,5,-2,5
10,Murkrows,Scizor-Mega,6,8,-2,10
10,Murkrows,Sylveon,2,2,0,2
10,Murkrows,Reuniclus,1,5,-4,5
10,Murkrows,Tornadus,2,3,-1,3
10,Murkrows,Alomomola,0,1,-1,2
10,Azumarills,Dragapult,5,3,2,6
10,Azumarills,Ferrothorn,5,8,-3,10
10,Azumarills,Slowking,4,5,-1,6
10,Azumarills,Nidoqueen,9,2,7,7
10,Azumarills,Vikavolt,4,5,-1,6
10,Azumarills,Piloswine,3,2,1,5
10,Azumarills,Diancie-Mega,6,5,1,8
10,Azumarills,Tornadus-Therian,1,2,-1,3
10,Azumarills,Machamp,4,1,3,3
10,Azumarills,Obstagoon,1,3,-2,3
10,Azumarills,Centiskorch,2,3,-1,3
10,Primarinas,Zapdos-Galar,19,4,15,11
10,Primarinas,Greninja,6,3,3,6
10,Primarinas,Metagross,2,4,-2,6
10,Primarinas,Roserade,1,4,-3,5
10,Primarinas,Gigalith,0,3,-3,5
10,Primarinas,Sandslash,1,1,0,1
10,Primarinas,Garchomp-Mega,6,6,0,11
10,Primarinas,Spectrier,26,3,23,10
10,Primarinas,Rotom-Wash,1,4,-3,9
10,Primarinas,Aromatisse,0,2,-2,2
10,Primarinas,Rapidash,0,0,0,0
10,Aggies,Urshifu,11,5,6,11
10,Aggies,Togekiss,10,4,6,7
10,Aggies,Arcanine,3,5,-2,7
10,Aggies,Swampert,5,2,3,8
10,Aggies,Registeel,6,4,2,8
10,Aggies,Volbeat,0,0,0,0
10,Aggies,Latios-Mega,7,3,4,9
10,Aggies,Zeraora,11,5,6,11
10,Aggies,Tsareena,0,0,0,0
10,Aggies,Nihilego,0,1,-1,2
10,Aggies,Basculin,5,3,2,3
10,Aggrons,Victini,6,7,-1,7
10,Aggrons,Suicune,3,5,-2,5
10,Aggrons,Zygarde-10,1,5,-4,5
10,Aggrons,Slurpuff,2,8,-6,8
10,Aggrons,Crabominable,5,6,-1,6
10,Aggrons,Malamar,2,7,-5,7
10,Aggrons,Venusaur-Mega,1,4,-3,4
10,Aggrons,Aegislash,1,5,-4,3
10,Aggrons,Silvally,3,5,-2,5
10,Aggrons,Minior,0,3,-3,3
10,Aggrons,Electrode,1,2,-1,2
10,Brelooms,Tapu_Fini,6,9,-3,10
10,Brelooms,Goodra,4,3,1,5
10,Brelooms,Krookodile,2,8,-6,10
10,Brelooms,Crobat,0,3,-3,3
10,Brelooms,Archeops,0,3,-3,4
10,Brelooms,Dusclops,1,3,-2,4
10,Brelooms,Lopunny-Mega,12,7,5,10
10,Brelooms,Magnezone,10,6,4,8
10,Brelooms,Weavile,5,5,0,8
10,Brelooms,Dottler,0,3,-3,3
10,Brelooms,Torkoal,1,1,0,1
11,Oricorios,Dracovish,15,6,9,9
11,Oricorios,Infernape,4,2,2,4
11,Oricorios,Gardevoir,6,2,4,5
11,Oricorios,Forretress,0,2,-2,2
11,Oricorios,Vikavolt,0,0,0,1
11,Oricorios,Stoutland,0,0,0,0
11,Oricorios,Tyranitar-Mega,11,9,2,9
11,Oricorios,Tangrowth,2,6,-4,9
11,Oricorios,Toxapex,3,4,-1,7
11,Oricorios,Landorus,5,5,0,7
11,Oricorios,Perrserker,2,1,1,1
11,PC,Excadrill,2,2,0,2
11,PC,Mimikyu,0,3,-3,3
11,PC,Darmanitan,4,6,-2,6
11,PC,Indeedee,1,0,1,1
11,PC,Hitmonlee,0,2,-2,3
11,PC,Simisage,0,1,-1,2
11,PC,Ampharos-Mega,0,1,-1,2
11,PC,Haxorus,1,2,-1,2
11,PC,Hippowdon,0,2,-2,2
11,PC,Barraskewda,0,1,-1,2
11,PC,Moltres-Galar,5,1,4,2
11,Chatots,Spectrier,2,4,-2,6
11,Chatots,Kyurem,3,6,-3,7
11,Chatots,Slowking,2,4,-2,6
11,Chatots,Nidoking,6,3,3,4
11,Chatots,Tsareena,1,1,0,1
11,Chatots,Rotom,0,0,0,0
11,Chatots,Lopunny-Mega,6,6,0,7
11,Chatots,Clefable,1,3,-2,4
11,Chatots,Bisharp,4,3,1,3
11,Chatots,Talonflame,0,0,0,0
11,Chatots,Lycanroc-Midnight,3,3,0,3
11,Poggers,Tapu_Koko,5,9,-4,9
11,Poggers,Starmie,2,5,-3,5
11,Poggers,Mandibuzz,0,3,-3,3
11,Poggers,Snorlax,2,5,-3,5
11,Poggers,Rhyperior,1,4,-3,4
11,Poggers,Illumise,0,5,-5,5
11,Poggers,Charizard-Mega-X,4,9,-5,9
11,Poggers,Urshifu-Rapid-Strike,3,4,-1,4
11,Poggers,Gligar,2,5,-3,5
11,Poggers,Virizion,1,2,-1,2
11,Poggers,Sandslash-Alola,0,2,-2,2
11,Shaymins,Dragapult,6,6,0,9
11,Shaymins,Cinderace,7,5,2,8
11,Shaymins,Swampert,2,3,-1,6
11,Shaymins,Silvally,1,2,-1,2
11,Shaymins,Hitmontop,8,3,5,5
11,Shaymins,Cryogonal,0,0,0,0
11,Shaymins,Venusaur-Mega,4,3,1,7
11,Shaymins,Celesteela,10,5,5,7
11,Shaymins,Sylveon,0,0,0,2
11,Shaymins,Braviary,2,3,-1,4
11,Shaymins,Stunfisk,5,2,3,4
11,Crobats,Garchomp,16,4,12,9
11,Crobats,Slowbro,8,4,4,7
11,Crobats,Rotom-Heat,0,1,-1,1
11,Crobats,Slowking-Galar,6,4,2,9
11,Crobats,Aromatisse,0,2,-2,6
11,Crobats,Maractus,0,1,-1,2
11,Crobats,Scizor-Mega,14,2,12,10
11,Crobats,Tornadus-Therian,2,2,0,8
11,Crobats,Porygon2,3,1,2,5
11,Crobats,Froslass,0,1,-1,1
11,Crobats,Scrafty,2,0,2,2
11,Zeraora,Tapu_Lele,5,7,-2,9
11,Zeraora,Suicune,11,5,6,9
11,Zeraora,Muk-Alola,1,5,-4,5
11,Zeraora,Arcanine,3,4,-1,6
11,Zeraora,Rotom-Fan,1,4,-3,4
11,Zeraora,Lickilicky,0,1,-1,1
11,Zeraora,Banette-Mega,3,4,-1,4
11,Zeraora,Zygarde,4,5,-1,10
11,Zeraora,Jirachi,13,4,9,8
11,Zeraora,Cradily,0,2,-2,3
11,Zeraora,Ninjask,1,1,0,1
11,Azumarills,Urshifu,11,5,6,8
11,Azumarills,Nihilego,6,5,1,6
11,Azumarills,Empoleon,4,6,-2,7
11,Azumarills,Slurpuff,4,3,1,4
11,Azumarills,Rotom-Mow,2,3,-1,3
11,Azumarills,Golurk,0,2,-2,2
11,Azumarills,Latios-Mega,1,5,-4,5
11,Azumarills,Moltres,0,7,-7,7
11,Azumarills,Chansey,5,4,1,4
11,Azumarills,Seismitoad,3,6,-3,7
11,Azumarills,Togekiss,3,6,-3,7
11,Primarinas,Heatran,4,7,-3,9
11,Primarinas,Azumarill,11,6,5,8
11,Primarinas,Umbreon,0,1,-1,3
11,Primarinas,Meloetta,2,2,0,3
11,Primarinas,Ribombee,1,3,-2,4
11,Primarinas,Torterra,1,1,0,2
11,Primarinas,Heracross-Mega,11,4,7,10
11,Primarinas,Salamence,12,6,6,9
11,Primarinas,Gengar,10,6,4,10
11,Primarinas,Articuno,0,1,-1,2
11,Primarinas,Rampardos,0,0,0,0
11,Aggies,Zeraora,8,4,4,10
11,Aggies,Greninja,7,6,1,8
11,Aggies,Vaporeon,3,6,-3,8
11,Aggies,Obstagoon,0,2,-2,3
11,Aggies,Registeel,1,4,-3,5
11,Aggies,Sandslash,0,0,0,0
11,Aggies,Diancie-Mega,14,4,10,9
11,Aggies,Rillaboom,14,2,12,7
11,Aggies,Dragalge,0,5,-5,6
11,Aggies,Blaziken,4,2,2,3
11,Aggies,Tornadus,7,3,4,5
11,Metapods,Zapdos,2,3,-1,3
11,Metapods,Ferrothorn,3,3,0,4
11,Metapods,Flygon,4,3,1,3
11,Metapods,Chandelure,1,3,-2,3
11,Metapods,Alomomola,0,2,-2,3
11,Metapods,Mr-Mime-Galar,0,2,-2,2
11,Metapods,Beedrill-Mega,2,5,-3,5
11,Metapods,Grimmsnarl,0,3,-3,3
11,Metapods,Conkeldurr,4,3,1,3
11,Metapods,Drapion,0,0,0,0
11,Metapods,Miltank,0,1,-1,1
11,Multiscalers,Melmetal,9,7,2,8
11,Multiscalers,Reuniclus,7,5,2,6
11,Multiscalers,Incineroar,2,3,-1,3
11,Multiscalers,Decidueye,0,3,-3,3
11,Multiscalers,Mudsdale,3,3,0,3
11,Multiscalers,Kangaskhan,0,1,-1,1
11,Multiscalers,Gallade-Mega,7,6,1,8
11,Multiscalers,Raikou,4,6,-2,8
11,Multiscalers,Primarina,4,8,-4,8
11,Multiscalers,Scolipede,2,6,-4,7
11,Multiscalers,Druddigon,1,2,-1,2
12,Oricorios,Tapu_Lele,23,7,16,11
12,Oricorios,Thundurus-Therian,1,4,-3,5
12,Oricorios,Incineroar,2,2,0,4
12,Oricorios,Chansey,2,7,-5,10
12,Oricorios,Noivern,0,2,-2,2
12,Oricorios,Gurdurr,0,3,-3,3
12,Oricorios,Venusaur-Mega,1,8,-7,9
12,Oricorios,Celesteela,4,9,-5,9
12,Oricorios,Seismitoad,3,3,0,3
12,Oricorios,Starmie,7,5,2,8
12,Oricorios,Togedemaru,0,2,-2,2
12,Zeraora,Zeraora,7,8,-1,9
12,Zeraora,Skarmory,7,6,1,7
12,Zeraora,Tornadus,0,1,-1,1
12,Zeraora,Shaymin,2,3,-1,3
12,Zeraora,Drapion,3,6,-3,6
12,Zeraora,Mudsdale,1,2,-1,2
12,Zeraora,Audino-Mega,2,6,-4,6
12,Zeraora,Latios,4,8,-4,9
12,Zeraora,Volcarona,4,2,2,4
12,Zeraora,Mantine,0,3,-3,4
12,Zeraora,Dusknoir,0,2,-2,2
12,Chatots,Landorus-Therian,8,6,2,10
12,Chatots,Ferrothorn,4,3,1,7
12,Chatots,Slowking,5,3,2,7
12,Chatots,Salazzle,5,4,1,6
12,Chatots,Glastrier,4,3,1,4
12,Chatots,Electrode,0,4,-4,7
12,Chatots,Altaria-Mega,7,2,5,6
12,Chatots,Buzzwole,11,0,11,6
12,Chatots,Bisharp,5,3,2,6
12,Chatots,Entei,16,2,14,7
12,Chatots,Magneton,0,0,0,0
12,Poggers,Zygarde,10,9,1,10
12,Poggers,Cinderace,3,6,-3,6
12,Poggers,Bronzong,2,6,-4,6
12,Poggers,Ditto,10,5,5,6
12,Poggers,Sigilyph,1,2,-1,2
12,Poggers,Mismagius,1,4,-3,4
12,Poggers,Gyarados-Mega,3,5,-2,5
12,Poggers,Clefable,2,9,-7,9
12,Poggers,Blissey,2,7,-5,7
12,Poggers,Hitmontop,0,1,-1,1
12,Poggers,Roselia,0,1,-1,1
12,Shaymins,Darmanitan-Galar,14,6,8,10
12,Shaymins,Slowbro,1,2,-1,3
12,Shaymins,Chandelure,5,2,3,3
12,Shaymins,Rotom-Mow,6,6,0,9
12,Shaymins,Druddigon,1,9,-8,9
12,Shaymins,Lickilicky,2,3,-1,3
12,Shaymins,Aggron-Mega,4,3,1,6
12,Shaymins,Terrakion,13,7,6,10
12,Shaymins,Sylveon,0,0,0,0
12,Shaymins,Cinccino,0,1,-1,2
12,Shaymins,Basculin,5,5,0,5
12,Crobats,Garchomp,11,6,5,10
12,Crobats,Greninja,5,5,0,9
12,Crobats,Primarina,12,8,4,10
12,Crobats,Porygon-Z,3,1,2,2
12,Crobats,Tsareena,0,0,0,0
12,Crobats,Rotom,0,2,-2,2
12,Crobats,Diancie-Mega,16,1,15,8
12,Crobats,Corviknight,3,4,-1,9
12,Crobats,Infernape,2,5,-3,7
12,Crobats,Mesprit,2,5,-3,6
12,Crobats,Weezing,1,1,0,2
12,Murkrows,Victini,1,1,0,2
12,Murkrows,Grimmsnarl,6,5,1,5
12,Murkrows,Cobalion,3,6,-3,8
12,Murkrows,Decidueye,0,2,-2,3
12,Murkrows,Vikavolt,1,5,-4,6
12,Murkrows,Slaking,1,0,1,1
12,Murkrows,Alakazam-Mega,10,6,4,9
12,Murkrows,Indeedee,1,3,-2,3
12,Murkrows,Manaphy,11,8,3,9
12,Murkrows,Zygarde-10,1,3,-2,3
12,Murkrows,Minior,1,1,0,1
12,Multiscalers,Mew,10,2,8,3
12,Multiscalers,Mimikyu,11,6,5,8
12,Multiscalers,Lucario,0,0,0,1
12,Multiscalers,Crobat,2,4,-2,4
12,Multiscalers,Accelgor,4,2,2,4
12,Multiscalers,Leafeon,1,2,-1,2
12,Multiscalers,Charizard-Mega-X,5,4,1,4
12,Multiscalers,Rotom-Wash,3,8,-5,8
12,Multiscalers,Snorlax,2,9,-7,9
12,Multiscalers,Mamoswine,3,6,-3,8
12,Multiscalers,Persian-Alola,0,0,0,0
12,Primarinas,Weavile,11,5,6,11
12,Primarinas,Cresselia,1,3,-2,5
12,Primarinas,Empoleon,3,10,-7,10
12,Primarinas,Silvally,3,1,2,2
12,Primarinas,Shuckle,0,1,-1,1
12,Primarinas,Pyroar,0,1,-1,1
12,Primarinas,Ampharos-Mega,3,5,-2,8
12,Primarinas,Tapu_Bulu,11,6,5,9
12,Primarinas,Hawlucha,8,4,4,8
12,Primarinas,Nidoqueen,11,6,5,11
12,Primarinas,Komala,0,0,0,0
12,Aggies,Dragapult,12,6,6,11
12,Aggies,Zarude,6,5,1,8
12,Aggies,Nidoking,9,5,4,7
12,Aggies,Porygon2,2,3,-1,5
12,Aggies,Registeel,4,5,-1,7
12,Aggies,Volbeat,1,2,-1,4
12,Aggies,Gardevoir-Mega,12,6,6,10
12,Aggies,Tornadus-Therian,1,2,-1,6
12,Aggies,Volcanion,10,3,7,6
12,Aggies,Rotom-Frost,0,1,-1,1
12,Aggies,Lycanroc-Midnight,2,1,1,1
12,Dracos,Tapu_Koko,6,8,-2,9
12,Dracos,Pelipper,0,1,-1,1
12,Dracos,Krookodile,1,2,-1,2
12,Dracos,Moltres,1,1,0,2
12,Dracos,Hariyama,1,1,0,1
12,Dracos,Musharna,0,1,-1,1
12,Dracos,Scizor-Mega,4,6,-2,7
12,Dracos,Barraskewda,1,2,-1,2
12,Dracos,Goodra,1,1,0,2
12,Dracos,Nihilego,4,1,3,2
12,Dracos,Tangela,0,0,0,0
12,Metapods,Hydreigon,7,8,-1,8
12,Metapods,Gengar,1,7,-6,7
12,Metapods,Regieleki,3,5,-2,5
12,Metapods,Amoonguss,0,2,-2,4
12,Metapods,Ribombee,1,5,-4,5
12,Metapods,Claydol,0,1,-1,1
12,Metapods,Lopunny-Mega,16,8,8,11
12,Metapods,Heatran,4,8,-4,9
12,Metapods,Lycanroc-Dusk,3,3,0,3
12,Metapods,Alomomola,2,9,-7,10
12,Metapods,Braviary,2,2,0,3
13,Oricorios,Thundurus,3,1,2,3
13,Oricorios,Cyclizar,3,4,-1,6
13,Oricorios,Breloom,14,6,8,10
13,Oricorios,Cloyster,4,4,0,5
13,Oricorios,Tauros-Paldea,1,2,-1,3
13,Oricorios,Spidops,0,0,0,0
13,Oricorios,Sableye-Mega,7,6,1,9
13,Oricorios,Glimmora,8,5,3,6
13,Oricorios,Iron_Treads,6,8,-2,11
13,Oricorios,Scream_Tail,5,6,-1,10
13,Oricorios,Bombirdier,2,1,1,3
13,Zeraora,Dragapult,8,7,1,10
13,Zeraora,Rotom-Wash,9,9,0,10
13,Zeraora,Darmanitan,5,5,0,7
13,Zeraora,Silvally,6,3,3,5
13,Zeraora,Glastrier,1,1,0,1
13,Zeraora,Illumise,0,2,-2,2
13,Zeraora,Gardevoir-Mega,7,7,0,10
13,Zeraora,Ting-Lu,2,6,-4,7
13,Zeraora,Serperior,0,2,-2,2
13,Zeraora,Registeel,1,4,-3,4
13,Zeraora,Vanilluxe,1,2,-1,2
13,Chatots,Spectrier,33,5,28,11
13,Chatots,Landorus,4,5,-1,7
13,Chatots,Xurkitree,0,1,-1,2
13,Chatots,Grimmsnarl,2,8,-6,11
13,Chatots,Vikavolt,0,2,-2,6
13,Chatots,Avalugg,1,3,-2,3
13,Chatots,Gallade-Mega,4,5,-1,7
13,Chatots,Iron_Moth,6,7,-1,7
13,Chatots,Druddigon,0,2,-2,3
13,Chatots,Tapu_Bulu,0,1,-1,3
13,Chatots,Empoleon,1,4,-3,6
13,Poggers,Tornadus-Therian,11,6,5,9
13,Poggers,Garganacl,0,5,-5,6
13,Poggers,Arcanine,4,9,-5,9
13,Poggers,Nidoking,10,6,4,9
13,Poggers,Dudunsparce,3,2,1,2
13,Poggers,Appletun,0,2,-2,3
13,Poggers,Medicham-Mega,5,8,-3,9
13,Poggers,Kartana,13,5,8,8
13,Poggers,Slowbro,1,5,-4,5
13,Poggers,Aromatisse,0,3,-3,3
13,Poggers,Rotom,3,3,0,3
13,Shaymins,Chien-Pao,12,4,8,8
13,Shaymins,Skeledirge,2,3,-1,7
13,Shaymins,Primarina,10,7,3,10
13,Shaymins,Rotom-Mow,4,4,0,4
13,Shaymins,Uxie,1,3,-2,3
13,Shaymins,Raichu,5,2,3,4
13,Shaymins,Scizor-Mega,2,1,1,6
13,Shaymins,Garchomp,8,7,1,9
13,Shaymins,Porygon-Z,5,2,3,2
13,Shaymins,Passimian,3,1,2,3
13,Shaymins,Chatot,3,1,2,2
13,Crobats,Roaring_Moon,16,8,8,11
13,Crobats,Slowking-Galar,8,8,0,10
13,Crobats,Chandelure,3,4,-1,4
13,Crobats,Araquanid,4,6,-2,7
13,Crobats,Hariyama,1,3,-2,3
13,Crobats,Rapidash,2,3,-1,3
13,Crobats,Steelix-Mega,0,2,-2,2
13,Crobats,Tapu_Koko,5,9,-4,10
13,Crobats,Iron_Bundle,9,8,1,11
13,Crobats,Tangela,2,2,0,2
13,Crobats,Dubwool,2,0,2,1
13,Murkrows,Zeraora,5,5,0,8
13,Murkrows,Meowscarada,9,4,5,8
13,Murkrows,Galvantula,0,0,0,2
13,Murkrows,Regidrago,5,3,2,3
13,Murkrows,Magmortar,2,2,0,3
13,Murkrows,Golbat,2,7,-5,8
13,Murkrows,Diancie-Mega,5,9,-4,10
13,Murkrows,Tangrowth,3,1,2,2
13,Murkrows,Cresselia,5,6,-1,7
13,Murkrows,Lickilicky,1,3,-2,3
13,Murkrows,Blastoise,6,5,1,8
13,Multiscalers,Dragonite,18,6,12,10
13,Multiscalers,Infernape,2,5,-3,7
13,Multiscalers,Weezing-Galar,2,4,-2,4
13,Multiscalers,Sandy_Shocks,8,4,4,5
13,Multiscalers,Tsareena,0,1,-1,1
13,Multiscalers,Kangaskhan,0,1,-1,1
13,Multiscalers,Alakazam-Mega,1,4,-3,6
13,Multiscalers,Suicune,4,7,-3,9
13,Multiscalers,Sneasel,3,5,-2,6
13,Multiscalers,Crustle,0,3,-3,3
13,Multiscalers,Aegislash,11,3,8,8
13,Primarinas,Iron_Valiant,17,8,9,11
13,Primarinas,Kingambit,5,6,-1,7
13,Primarinas,Shaymin,1,7,-6,7
13,Primarinas,Snorlax,6,7,-1,9
13,Primarinas,Quagsire,0,1,-1,2
13,Primarinas,Cryogonal,0,1,-1,2
13,Primarinas,Banette-Mega,6,5,1,5
13,Primarinas,Latios,7,5,2,8
13,Primarinas,Thundurus-Therian,6,8,-2,8
13,Primarinas,Moltres,1,1,0,2
13,Primarinas,Weezing,0,4,-4,5
13,Aggies,Chi-Yu,12,8,4,10
13,Aggies,Gengar,5,6,-1,7
13,Aggies,Quaquaval,3,3,0,4
13,Aggies,Swellow,3,3,0,3
13,Aggies,Orthworm,0,4,-4,4
13,Aggies,Electivire,3,3,0,3
13,Aggies,Venusaur-Mega,4,9,-5,10
13,Aggies,Baxcalibur,6,6,0,6
13,Aggies,Togekiss,4,7,-3,7
13,Aggies,Orbeetle,1,3,-2,3
13,Aggies,Rhyperior,0,3,-3,3
13,Gulp Missiles,Palafin,4,6,-2,6
13,Gulp Missiles,Slither_Wing,3,2,1,3
13,Gulp Missiles,Torkoal,0,3,-3,3
13,Gulp Missiles,Espathra,4,8,-4,8
13,Gulp Missiles,Gigalith,0,0,0,0
13,Gulp Missiles,Volbeat,2,5,-3,5
13,Gulp Missiles,Charizard-Mega-Y,0,1,-1,1
13,Gulp Missiles,Gliscor,0,1,-1,1
13,Gulp Missiles,Haxorus,2,2,0,2
13,Gulp Missiles,Brute_Bonnet,2,2,0,2
13,Gulp Missiles,Aggron,0,0,0,0
13,Metapods,Gholdengo,2,5,-3,6
13,Metapods,Bisharp,5,4,1,6
13,Metapods,Cetitan,3,3,0,4
13,Metapods,Ninetales-Alola,8,4,4,5
13,Metapods,Jolteon,6,5,1,9
13,Metapods,Arboliva,6,3,3,6
13,Metapods,Pidgeot-Mega,10,5,5,8
13,Metapods,Great_Tusk,8,7,1,9
13,Metapods,Armarouge,1,3,-2,4
13,Metapods,Slowking,3,7,-4,7
13,Metapods,Mabosstiff,0,1,-1,1
14,Oricorios,Landorus,7,5,2,9
14,Oricorios,Ferrothorn,3,4,-1,6
14,Oricorios,Tapu_Fini,6,8,-2,10
14,Oricorios,Hoopa-Unbound,15,5,10,8
14,Oricorios,Iron_Moth,5,5,0,5
14,Oricorios,Vikavolt,0,4,-4,4
14,Oricorios,Lopunny-Mega,8,4,4,10
14,Oricorios,Brambleghast,0,2,-2,2
14,Oricorios,Duraludon,0,1,-1,1
14,Oricorios,Seaking,0,1,-1,1
14,Oricorios,Vigoroth,0,0,0,1
14,Zeraora,Chien-Pao,4,7,-3,9
14,Zeraora,Spectrier,4,3,1,5
14,Zeraora,Toxapex,4,7,-3,10
14,Zeraora,Tangrowth,3,8,-5,8
14,Zeraora,Jirachi,0,7,-7,7
14,Zeraora,Zygarde,11,7,4,8
14,Zeraora,Volbeat,0,0,0,0
14,Zeraora,Tornadus-Therian,12,6,6,10
14,Zeraora,Wigglytuff,0,2,-2,2
14,Zeraora,Magmar,0,1,-1,1
14,Zeraora,,0,0,0,0
14,Chatots,Tapu_Lele,15,4,11,8
14,Chatots,Landorus-Therian,7,4,3,6
14,Chatots,Sableye-Mega,4,4,0,5
14,Chatots,Blissey,1,3,-2,6
14,Chatots,Infernape,3,4,-1,7
14,Chatots,Serperior,0,1,-1,1
14,Chatots,Dracovish,9,4,5,9
14,Chatots,Magnezone,8,1,7,6
14,Chatots,Scolipede,2,3,-1,4
14,Chatots,Mr-Rime,1,1,0,2
14,Chatots,,0,0,0,0
14,Poggers,Sneasler,3,0,3,3
14,Poggers,Mandibuzz,1,4,-3,7
14,Poggers,Kyurem,8,3,5,6
14,Poggers,Enamorus,16,3,13,8
14,Poggers,Ceruledge,2,3,-1,3
14,Poggers,Aggron-Mega,0,3,-3,5
14,Poggers,Seismitoad,3,5,-2,6
14,Poggers,Maushold,6,0,6,3
14,Poggers,Forretress,0,3,-3,3
14,Poggers,Bellibolt,2,2,0,4
14,Poggers,,0,0,0,0
14,Shaymins,Dragapult,11,5,6,9
14,Shaymins,Urshifu-Rapid-Strike,9,5,4,8
14,Shaymins,Krookodile,5,6,-1,7
14,Shaymins,Togekiss,3,4,-1,5
14,Shaymins,Venusaur-Mega,0,5,-5,6
14,Shaymins,Rotom-Heat,1,4,-3,5
14,Shaymins,Copperajah,3,4,-1,7
14,Shaymins,Espeon,3,3,0,3
14,Shaymins,Cryogonal,1,3,-2,3
14,Shaymins,Miltank,3,5,-2,5
14,Shaymins,Scyther,3,1,2,2
14,Crobats,Zamazenta-Crowned,6,3,3,4
14,Crobats,Mew,3,1,2,1
14,Crobats,Regieleki,7,2,5,4
14,Crobats,Garchomp,1,2,-1,2
14,Crobats,Diancie-Mega,0,3,-3,3
14,Crobats,Samurott-Hisui,3,4,-1,5
14,Crobats,Lickilicky,0,3,-3,3
14,Crobats,Houndstone,1,4,-3,4
14,Crobats,Roselia,0,3,-3,3
14,Crobats,Pikachu,3,1,2,1
14,Crobats,,0,0,0,0
14,Murkrows,Iron_Bundle,5,3,2,6
14,Murkrows,Hydreigon,2,1,1,1
14,Murkrows,Pelipper,3,6,-3,6
14,Murkrows,Swampert-Mega,3,4,-1,5
14,Murkrows,Sliggoo-Hisui,1,2,-1,2
14,Murkrows,Decidueye,3,2,1,3
14,Murkrows,Jolteon,6,6,0,7
14,Murkrows,Gastrodon,3,1,2,3
14,Murkrows,Mienshao,0,1,-1,2
14,Murkrows,Florges,5,3,2,5
14,Murkrows,Armaldo,0,1,-1,1
14,Multiscalers,Baxcalibur,9,4,5,4
14,Multiscalers,Zoroark-Hisui,1,4,-3,4
14,Multiscalers,Rapidash,0,0,0,0
14,Multiscalers,Iron_Treads,1,2,-1,2
14,Multiscalers,Blastoise-Mega,2,4,-2,4
14,Multiscalers,Eelektross,0,0,0,0
14,Multiscalers,Clefable,2,3,-1,3
14,Multiscalers,Gurdurr,0,0,0,0
14,Multiscalers,Slowking-Galar,1,2,-1,2
14,Multiscalers,Dodrio,1,3,-2,3
14,Multiscalers,Meowscarada,0,2,-2,2
14,Primarinas,Palafin,16,3,13,9
14,Primarinas,Tapu_Koko,4,6,-2,7
14,Primarinas,Ting-Lu,3,6,-3,7
14,Primarinas,Cyclizar,5,3,2,6
14,Primarinas,Gholdengo,6,6,0,9
14,Primarinas,Iron_Leaves,5,5,0,6
14,Primarinas,Pinsir-Mega,11,4,7,10
14,Primarinas,Blaziken,0,2,-2,2
14,Primarinas,Glaceon,1,2,-1,2
14,Primarinas,Golbat,0,1,-1,1
14,Primarinas,,0,0,0,0
14,Aggies,Roaring_Moon,1,4,-3,4
14,Aggies,Slowbro,4,7,-3,9
14,Aggies,Skeledirge,4,3,1,5
14,Aggies,Heracross,13,4,9,7
14,Aggies,Klefki,1,5,-4,6
14,Aggies,Shaymin,3,4,-1,5
14,Aggies,Nidoqueen,4,8,-4,9
14,Aggies,Porygon-Z,3,1,2,2
14,Aggies,Avalugg-Hisui,0,0,0,0
14,Aggies,Thundurus,14,5,9,8
14,Aggies,Hypno,0,0,0,1
14,Gulp Missiles,Melmetal,1,5,-4,5
14,Gulp Missiles,Walking_Wake,5,6,-1,6
14,Gulp Missiles,Torkoal,1,7,-6,7
14,Gulp Missiles,Galvantula,3,6,-3,6
14,Gulp Missiles,Mamoswine,1,3,-2,3
14,Gulp Missiles,Scream_Tail,0,0,0,0
14,Gulp Missiles,Clodsire,0,2,-2,2
14,Gulp Missiles,Exeggutor,1,2,-1,2
14,Gulp Missiles,Primarina,0,0,0,0
14,Gulp Missiles,Houndoom-Mega,5,6,-1,6
14,Gulp Missiles, Smeargle,0,0,0,0
14,Metapods,Iron_Valiant,5,7,-2,7
14,Metapods,Gliscor,1,6,-5,6
14,Metapods,Rotom-Wash,2,6,-4,7
14,Metapods,Goodra-Hisui,0,4,-4,4
14,Metapods,Arcanine-Hisui,4,5,-1,5
14,Metapods,Arboliva,1,7,-6,7
14,Metapods,Scizor-Mega,2,6,-4,6
14,Metapods,Braviary-Hisui,1,3,-2,3
14,Metapods,Qwilfish-Hisui,2,3,-1,3
14,Metapods,Golurk,0,0,0,0
14,Metapods,,0,0,0,0
15,Oricorios,Iron_Valiant,11,6,5,11
15,Oricorios,Munkidori,6,4,2,7
15,Oricorios,Dipplin,5,3,2,4
15,Oricorios,Empoleon,2,4,-2,6
15,Oricorios,Tyranitar,2,2,0,5
15,Oricorios,Moltres,2,7,-5,7
15,Oricorios,Vikavolt,3,6,-3,7
15,Oricorios,Houndstone,0,0,0,0
15,Oricorios,Mamoswine,12,8,4,11
15,Oricorios,Audino-Mega,6,3,3,5
15,Oricorios,Veluza,5,2,3,3
15,Zeraora,Dragapult,9,9,0,11
15,Zeraora,Tapu_Koko,3,9,-6,10
15,Zeraora,Ting-Lu,0,4,-4,5
15,Zeraora,Iron_Moth,7,8,-1,8
15,Zeraora,Blastoise-Mega,3,7,-4,8
15,Zeraora,Iron_Leaves,4,5,-1,5
15,Zeraora,Orthworm,1,9,-8,9
15,Zeraora,Staraptor,6,5,1,7
15,Zeraora,Naclstack,0,1,-1,1
15,Zeraora,Spidops,0,0,0,0
15,Zeraora,Hitmonchan,1,2,-1,2
15,Chatots,Landorus,8,6,2,8
15,Chatots,Kingambit,23,2,21,10
15,Chatots,Tentacruel,1,2,-1,2
15,Chatots,Deoxys-Defense,1,4,-3,7
15,Chatots,Cyclizar,2,7,-5,11
15,Chatots,Rotom,0,2,-2,2
15,Chatots,Tinkaton,5,4,1,7
15,Chatots,Heracross-Mega,8,8,0,9
15,Chatots,Cinderace,10,3,7,10
15,Chatots,Eldegoss,0,0,0,0
15,Chatots,,0,0,0,0
15,Poggers,Manaphy,9,6,3,8
15,Poggers,Tapu_Bulu,2,3,-1,5
15,Poggers,Volcarona,3,4,-1,7
15,Poggers,Krookodile,7,6,1,7
15,Poggers,Snorlax,7,5,2,7
15,Poggers,Latias,0,4,-4,6
15,Poggers,Vanilluxe,2,5,-3,5
15,Poggers,Manectric-Mega,8,8,0,9
15,Poggers,Glimmora,2,2,0,3
15,Poggers,Doublade,9,7,2,9
15,Poggers,,0,0,0,0
15,Shaymins,Great_Tusk,5,5,0,7
15,Shaymins,Walking_Wake,6,7,-1,10
15,Shaymins,Amoonguss,2,3,-1,4
15,Shaymins,Arcanine-Hisui,4,8,-3,9
15,Shaymins,Enamorus-Therian,4,2,2,4
15,Shaymins,Jirachi,0,3,-3,3
15,Shaymins,Swellow,4,4,0,5
15,Shaymins,Bellibolt,5,6,-1,8
15,Shaymins,Weavile,14,7,7,9
15,Shaymins,Mismagius,1,2,-1,2
15,Shaymins,Shuckle,2,4,-2,5
15,Crobats,Baxcalibur,6,8,-2,10
15,Crobats,Palafin,3,5,-2,9
15,Crobats,Fezandipiti,14,5,9,9
15,Crobats,Iron_Treads,10,5,5,10
15,Crobats,Ninetales-Alola,3,4,-1,5
15,Crobats,Slowking,3,4,-1,7
15,Crobats,Rotom-Heat,2,2,0,3
15,Crobats,Pidgeot-Mega,0,2,-2,3
15,Crobats,Brambleghast,1,4,-3,5
15,Crobats,Primeape,1,2,-1,2
15,Crobats,Bastiodon,0,1,-1,2
15,Murkrows,Ursaluna-Bloodmoon,12,9,3,10
15,Murkrows,Samurott-Hisui,5,6,-1,8
15,Murkrows,Heatran,6,8,-2,10
15,Murkrows,Reuniclus,1,3,-2,3
15,Murkrows,Eelektross,1,2,-1,2
15,Murkrows,Lycanroc-Dusk,9,7,2,8
15,Murkrows,Zapdos-Galar,2,8,-6,8
15,Murkrows,Cryogonal,2,3,-1,4
15,Murkrows,Leafeon,1,3,-2,3
15,Murkrows,Altaria-Mega,0,2,-2,2
15,Murkrows,Venomoth,3,2,1,3
15,Staraptors,Chien-Pao,20,7,13,11
15,Staraptors,Zapdos,5,8,-3,11
15,Staraptors,Gengar,10,6,4,8
15,Staraptors,Hippowdon,3,5,-2,6
15,Staraptors,Porygon2,2,9,-7,11
15,Staraptors,Aggron-Mega,6,6,0,7
15,Staraptors,Comfey,6,3,3,5
15,Staraptors,Infernape,1,4,-3,4
15,Staraptors,Druddigon,0,1,-1,1
15,Staraptors,Pyukumuku,0,1,-1,1
15,Staraptors,,0,0,0,0
15,Primarinas,Zamazenta-Crowned,12,6,6,10
15,Primarinas,Zygarde,3,6,-3,8
15,Primarinas,Skeledirge,4,5,-1,8
15,Primarinas,Gardevoir-Mega,12,8,4,10
15,Primarinas,Tangrowth,7,3,4,9
15,Primarinas,Rotom-Wash,6,6,0,10
15,Primarinas,Honchkrow,2,0,2,1
15,Primarinas,Nihilego,14,4,10,8
15,Primarinas,Drifblim,0,0,0,0
15,Primarinas,Ambipom,0,0,0,0
15,Primarinas,,0,0,0,0
15,Aggies,Ogerpon,14,8,6,11
15,Aggies,Iron_Bundle,7,6,1,11
15,Aggies,Enamorus,5,4,1,9
15,Aggies,Slowking-Galar,5,4,1,7
15,Aggies,Jolteon,5,5,0,6
15,Aggies,Kleavor,13,4,9,7
15,Aggies,Donphan,3,5,-2,6
15,Aggies,Cinccino,0,0,0,0
15,Aggies,Gurdurr,0,3,-3,5
15,Aggies,Incineroar,1,0,1,2
15,Aggies,Sliggoo-Hisui,0,0,0,1
15,Charizards,Annihilape,8,8,0,11
15,Charizards,Corviknight,8,7,1,8
15,Charizards,Meowscarada,6,9,-3,11
15,Charizards,Starmie,4,10,-6,10
15,Charizards,Pangoro,2,1,1,1
15,Charizards,Dragalge,3,6,-3,7
15,Charizards,Drampa,1,3,-2,4
15,Charizards,Claydol,0,4,-4,4
15,Charizards,Froslass,1,5,-4,5
15,Charizards,Absol-Mega,1,1,0,1
15,Charizards,Grimmsnarl,1,4,-3,4
15,Metapods,Chi-yu,7,6,1,9
15,Metapods,Zoroark-Hisui,2,6,-4,7
15,Metapods,Slowbro,3,5,-2,8
15,Metapods,Sylveon,3,2,1,6
15,Metapods,Iron_Hands,8,7,1,8
15,Metapods,Dragonite,0,5,-5,5
15,Metapods,Maushold,3,1,2,2
15,Metapods,Electrode-Hisui,3,4,-1,5
15,Metapods,Clodsire,5,6,-1,8
15,Metapods,Forretress,3,5,-2,7
15,Metapods,Illumise,0,1,-1,1
16,Oricorios,Tapu_Koko,12,5,7,8
16,Oricorios,Iron_Boulder,5,7,-2,5
16,Oricorios,Blissey,0,3,-3,4
16,Oricorios,Aerodactyl-Mega,5,7,-2,8
16,Oricorios,Ludicolo,1,3,-2,5
16,Oricorios,Ting-Lu,1,8,-7,8
16,Oricorios,Latias,13,7,6,9
16,Oricorios,Marowak-Alola,1,3,-2,3
16,Oricorios,Escavalier,3,3,0,4
16,Oricorios,Weezing,1,2,-1,2
16,Oricorios,Naclstack,0,4,-4,4
16,Zeraora,Ursaluna-Bloodmoon,7,8,-1,11
16,Zeraora,Celesteela,9,7,2,8
16,Zeraora,Venusaur-Mega,4,4,0,6
16,Zeraora,Rotom-Wash,4,10,-6,10
16,Zeraora,Kyurem,11,9,2,11
16,Zeraora,Arcanine-Hisui,10,7,3,8
16,Zeraora,Umbreon,0,0,0,1
16,Zeraora,Azelf,1,2,-1,3
16,Zeraora,Florges,0,5,-5,6
16,Zeraora,Calyrex,0,0,0,0
16,Zeraora,,0,0,0,0
16,Chatots,Chien-Pao,16,5,11,10
16,Chatots,Raging_Bolt,5,3,2,6
16,Chatots,Jirachi,4,2,2,4
16,Chatots,Sneasler,8,5,3,4
16,Chatots,Manaphy,6,1,5,2
16,Chatots,Landorus-Therian,9,6,3,9
16,Chatots,Audino-Mega,1,3,-2,4
16,Chatots,Pecharunt,7,4,3,9
16,Chatots,Typhlosion-Hisui,2,3,-1,5
16,Chatots,Morgrem,0,1,-1,2
16,Chatots,,0,0,0,0
16,Poggers,Chi-Yu,14,5,9,8
16,Poggers,Raikou,3,6,-3,7
16,Poggers,Corviknight,4,6,-2,8
16,Poggers,Gallade-Mega,6,7,-1,8
16,Poggers,Porygon2,4,4,0,6
16,Poggers,Slowking,1,3,-2,5
16,Poggers,Weezing-Galar,4,4,0,6
16,Poggers,Goodra,7,8,-1,9
16,Poggers,Brambleghast,0,3,-3,3
16,Poggers,Rhydon,2,3,-1,4
16,Poggers,,0,0,0,0
16,Shaymins,Iron_Bundle,8,7,1,10
16,Shaymins,Zapdos-Galar,13,5,8,9
16,Shaymins,Spectrier,3,7,-4,9
16,Shaymins,Garganacl,2,5,-3,6
16,Shaymins,Orthworm,4,9,-5,10
16,Shaymins,Incineroar,3,4,-1,5
16,Shaymins,Amoonguss,6,3,3,6
16,Shaymins,Gligar,1,4,-3,4
16,Shaymins,Granbull,0,3,-3,3
16,Shaymins,Manectric-Mega,2,2,0,2
16,Shaymins,Chatot,0,2,-2,2
16,Crobats,Ogerpon,8,9,-1,9
16,Crobats,Dragapult,10,9,1,11
16,Crobats,Aggron-Mega,3,4,-1,4
16,Crobats,Terapagos,10,7,3,8
16,Crobats,Scream_Tail,2,6,-4,10
16,Crobats,Sandy_Shocks,0,5,-5,5
16,Crobats,Greninja,8,5,3,7
16,Crobats,Crobat,1,7,-6,7
16,Crobats,Vespiquen,0,0,0,0
16,Crobats,Hitmonchan,0,2,-2,2
16,Crobats,,0,0,0,0
16,Murkrows,Darkrai,23,4,19,11
16,Murkrows,Clefable,5,4,1,6
16,Murkrows,Quaquaval,3,4,-1,8
16,Murkrows,Breloom,11,2,9,5
16,Murkrows,Haxorus,4,4,0,7
16,Murkrows,Mamoswine,1,4,-3,7
16,Murkrows,Skarmory,4,5,-1,8
16,Murkrows,Bellibolt,1,5,-4,7
16,Murkrows,Banette-Mega,3,4,-1,4
16,Murkrows,Espeon,0,0,0,0
16,Murkrows,,0,0,0,0
16,Staraptors,Zamazenta-Crowned,5,6,-1,9
16,Staraptors,Latios,26,5,21,11
16,Staraptors,Gliscor,1,6,-5,9
16,Staraptors,Meowscarada,7,2,5,10
16,Staraptors,Cresselia,6,3,3,5
16,Staraptors,Moltres,4,6,-2,9
16,Staraptors,Tinkaton,4,4,0,6
16,Staraptors,Electrode-Hisui,0,1,-1,1
16,Staraptors,Dondozo,1,2,-1,2
16,Staraptors,Komala,1,2,-1,3
16,Staraptors,,0,0,0,0
16,Primarinas,Deoxys-Speed,16,7,9,11
16,Primarinas,Great_Tusk,5,6,-1,9
16,Primarinas,Volcanion,3,8,-5,9
16,Primarinas,Toxtricity,2,4,-2,5
16,Primarinas,Ferrothorn,3,5,-2,5
16,Primarinas,Dragonite,0,1,-1,1
16,Primarinas,Tapu_Lele,10,9,1,10
16,Primarinas,Absol-Mega,10,4,6,6
16,Primarinas,Regigigas,0,0,0,0
16,Primarinas,Dewgong,0,0,0,0
16,Primarinas,,0,0,0,0
16,Aggies,Gouging_Fire,18,7,11,11
16,Aggies,Iron_Valiant,11,6,5,11
16,Aggies,Samurott-Hisui,12,3,9,10
16,Aggies,Iron_Treads,4,5,-1,7
16,Aggies,Thundurus-Therian,7,4,3,7
16,Aggies,Deoxys-Defense,3,6,-3,10
16,Aggies,Swellow,2,2,0,3
16,Aggies,Oricorio,0,1,-1,1
16,Aggies,Roserade,0,1,-1,3
16,Aggies,Bastiodon,0,1,-1,1
16,Aggies,Illumise,0,1,-1,2
16,Charizards,Annihilape,15,9,6,11
16,Charizards,Pelipper,7,8,-1,10
16,Charizards,Archaludon,4,10,-6,10
16,Charizards,Thundurus,3,4,-1,5
16,Charizards,Serperior,4,6,-2,6
16,Charizards,Entei,2,3,-1,4
16,Charizards,Overqwil,3,6,-3,7
16,Charizards,Cryogonal,1,2,-1,2
16,Charizards,Alcremie,1,3,-2,3
16,Charizards,Zoroark-Hisui,5,2,3,5
16,Charizards,Miltank,0,1,-1,1
16,Metapods,Enamorus,12,10,2,10
16,Metapods,Lopunny-Mega,0,7,-7,7
16,Metapods,Kleavor,4,7,-3,8
16,Metapods,Hydrapple,1,5,-4,5
16,Metapods,Metagross,2,5,-3,5
16,Metapods,Rotom-Heat,2,4,-2,4
16,Metapods,Muk-Alola,2,6,-4,6
16,Metapods,Donphan,4,8,-4,8
16,Metapods,Lanturn,3,9,-6,9
16,Metapods,Perrserker,0,1,-1,1
16,Metapods,Mismagius,3,3,0,3
17,Oricorios,Chien-Pao,12,6,6,11
17,Oricorios,Gholdengo,6,8,-2,9
17,Oricorios,Kommo-o,2,6,-4,6
17,Oricorios,Ursaluna-Bloodmoon,8,9,-1,10
17,Oricorios,Fezandipiti,4,8,-4,10
17,Oricorios,Celebi,4,6,-2,6
17,Oricorios,Mantine,0,3,-3,3
17,Oricorios,Bellibolt,5,4,1,5
17,Oricorios,Talonflame,0,2,-2,3
17,Oricorios,Omastar,1,2,-1,2
17,Oricorios,Tropius,0,0,0,0
17,Zeraora,Dragapult,9,6,3,11
17,Zeraora,Mew,3,7,-4,7
17,Zeraora,Terapagos,9,7,2,9
17,Zeraora,Quaquaval,7,5,2,7
17,Zeraora,Kingambit,7,4,3,9
17,Zeraora,Togekiss,3,3,0,5
17,Zeraora,Camerupt-Mega,7,8,-1,11
17,Zeraora,Shaymin,1,2,-1,2
17,Zeraora,Oricorio,0,2,-2,3
17,Zeraora,Volbeat,0,2,-2,2
17,Chatots,Ogerpon,6,7,-1,10
17,Chatots,Gliscor,9,4,5,6
17,Chatots,Iron_Hands,9,8,1,10
17,Chatots,Heatran,8,7,1,9
17,Chatots,Ninetales-Alola,1,4,-3,6
17,Chatots,Hydreigon,2,2,0,4
17,Chatots,Hoopa,8,5,3,7
17,Chatots,Araquanid,2,2,0,3
17,Chatots,Manectric-Mega,1,5,-4,5
17,Chatots,Persian,0,0,0,0
17,Poggers,Tapu_Koko,7,9,-2,11
17,Poggers,Blastoise-Mega,2,7,-5,7
17,Poggers,Alakazam,1,4,-3,4
17,Poggers,Archaludon,0,3,-3,3
17,Poggers,Vaporeon,3,5,-2,6
17,Poggers,Buzzwole,5,7,-2,9
17,Poggers,Gligar,0,4,-4,4
17,Poggers,Dhelmise,3,2,1,2
17,Poggers,Arcanine-Hisui,3,4,-1,5
17,Poggers,Blissey,6,5,1,8
17,Shaymins,Regieleki,8,7,1,11
17,Shaymins,Iron_Valiant,23,6,17,11
17,Shaymins,Corviknight,0,2,-2,5
17,Shaymins,Ting-Lu,0,1,-1,2
17,Shaymins,Amoonguss,3,2,1,2
17,Shaymins,Slowking,2,4,-2,5
17,Shaymins,Druddigon,3,10,-7,10
17,Shaymins,Pincurchin,2,4,-2,4
17,Shaymins,Magmortar,0,1,-1,1
17,Shaymins,Armaldo,1,1,0,1
17,Shaymins,Basculin,11,5,6,9
17,Crobats,Zamazenta-Crowned,11,5,6,9
17,Crobats,Zygarde,8,5,3,9
17,Crobats,Samurott-Hisui,5,7,-2,9
17,Crobats,Espathra,16,4,12,9
17,Crobats,Cinderace,2,4,-2,5
17,Crobats,Rotom,1,3,-2,5
17,Crobats,Aerodactyl-Mega,6,6,0,9
17,Crobats,Type_Null,2,1,1,3
17,Crobats,Scream_Tail,3,3,0,5
17,Crobats,Golbat,0,0,0,0
17,Murkrows,Celesteela,5,6,-1,7
17,Murkrows,Gardevoir-Mega,11,8,3,9
17,Murkrows,Volcanion,3,7,-4,9
17,Murkrows,Staraptor,10,8,2,9
17,Murkrows,Donphan,3,5,-2,5
17,Murkrows,Dragonite,4,4,0,5
17,Murkrows,Gengar,3,3,0,3
17,Murkrows,Electrode-Hisui,4,6,-2,7
17,Murkrows,Probopass,2,3,-1,3
17,Murkrows,Scrafty,0,3,-3,3
17,Murkrows,Thwackey,2,1,1,2
17,Staraptors,Gouging_Fire,4,6,-2,9
17,Staraptors,Great_Tusk,3,10,-7,11
17,Staraptors,Raging_Bolt,1,2,-1,3
17,Staraptors,Hatterene,7,4,3,5
17,Staraptors,Walking_Wake,16,6,10,9
17,Staraptors,Stakataka,17,2,15,7
17,Staraptors,Weezing,0,0,0,0
17,Staraptors,Brute_Bonnet,4,3,1,4
17,Staraptors,Farigiraf,0,4,-4,5
17,Staraptors,Torkoal,3,10,-7,11
17,Primarinas,Urshifu,8,2,6,10
17,Primarinas,Mawile-Mega,6,6,0,9
17,Primarinas,Volcarona,1,1,0,1
17,Primarinas,Tornadus-Therian,6,6,0,9
17,Primarinas,Zoroark-Hisui,5,1,4,2
17,Primarinas,Dipplin,1,5,-4,6
17,Primarinas,Politoed,1,3,-2,4
17,Primarinas,Jolteon,13,7,6,10
17,Primarinas,Rhyperior,7,6,1,7
17,Primarinas,Cryogonal,1,1,0,2
17,Primarinas,Seaking,0,0,0,0
17,Aggies,Gallade-Mega,8,5,3,10
17,Aggies,Meowscarada,7,4,3,10
17,Aggies,Garchomp,15,7,8,11
17,Aggies,Empoleon,2,7,-5,8
17,Aggies,Pecharunt,6,7,-1,8
17,Aggies,Moltres,3,2,1,4
17,Aggies,Sylveon,11,3,8,9
17,Aggies,Rotom-Frost,6,4,2,5
17,Aggies,Ambipom,0,1,-1,1
17,Aggies,Klawf,0,0,0,0
17,Charizards,Annihilape,13,9,4,11
17,Charizards,Cyclizar,0,1,-1,1
17,Charizards,Latias,4,2,2,3
17,Charizards,Glimmora,5,8,-3,8
17,Charizards,Skarmory,0,2,-2,3
17,Charizards,Rotom-Heat,0,2,-2,2
17,Charizards,Florges,1,3,-2,4
17,Charizards,Sandy_Shocks,3,9,-6,9
17,Charizards,Absol-Mega,3,5,-2,5
17,Charizards,Samurott,4,5,-1,6
17,Charizards,Leavanny,2,3,-1,3
17,Metapods,Landorus,4,8,-4,8
17,Metapods,Kyurem,7,5,2,7
17,Metapods,Tauros-Paldea,4,5,-1,5
17,Metapods,Lycanroc-Dusk,4,6,-2,7
17,Metapods,Tentacruel,1,4,-3,4
17,Metapods,Arboliva,3,6,-3,7
17,Metapods,Clefable,3,4,-1,6
17,Metapods,Bronzong,1,3,-2,3
17,Metapods,Delphox,3,4,-1,4
17,Metapods,Kilowattrel,5,6,-1,7
17,Metapods,Masquerain,0,2,-2,2
18,Oricorios,Annihilape,7,8,-1,11
18,Oricorios,Kyurem,13,2,11,5
18,Oricorios,Krookodile,6,5,1,7
18,Oricorios,Cinderace,8,8,0,9
18,Oricorios,Cresselia,3,3,0,5
18,Oricorios,Diancie,2,5,-3,5
18,Oricorios,Bellibolt,2,2,0,3
18,Oricorios,Forretress,2,5,-3,5
18,Oricorios,Blastoise-Mega,7,6,1,8
18,Oricorios,Vileplume,5,3,2,4
18,Oricorios,Ambipom,1,1,0,1
18,Zeraora,Urshifu,5,8,-3,10
18,Zeraora,Gouging_Fire,13,6,7,9
18,Zeraora,Tapu_Fini,1,9,-8,9
18,Zeraora,Ferrothorn,2,9,-7,9
18,Zeraora,Galvantula,2,3,-1,3
18,Zeraora,Clodsire,4,5,-1,5
18,Zeraora,Necrozma,12,8,4,10
18,Zeraora,Sinistcha,0,0,0,0
18,Zeraora,Volbeat,0,1,-1,1
18,Zeraora,Avalugg-Hisui,1,3,-2,3
18,Zeraora,,0,0,0,0
18,Chatots,Iron_Valiant,14,5,9,9
18,Chatots,Heatran,8,4,4,9
18,Chatots,Salamence,4,8,-4,9
18,Chatots,Gyarados-Mega,9,8,1,8
18,Chatots,Sandy_Shocks,14,3,11,10
18,Chatots,Armarouge,4,4,0,4
18,Chatots,Tapu_Bulu,2,1,1,4
18,Chatots,Pecharunt,5,4,1,7
18,Chatots,Armaldo,0,0,0,0
18,Chatots,Blissey,1,2,-1,4
18,Chatots,,0,0,0,0
18,Poggers,Ursaluna-Bloodmoon,5,7,-2,10
18,Poggers,Melmetal,16,7,9,10
18,Poggers,Glimmora,1,3,-2,3
18,Poggers,Thundurus,7,6,1,8
18,Poggers,Sharpedo-Mega,4,5,-1,6
18,Poggers,Hoopa,0,3,-3,3
18,Poggers,Eldegoss,1,4,-3,4
18,Poggers,Ribombee,4,2,2,6
18,Poggers,Alomomola,2,4,-2,6
18,Poggers,Miltank,3,5,-2,5
18,Poggers,Flamigo,5,4,1,5
18,Shaymins,Dragapult,19,9,10,11
18,Shaymins,Corviknight,1,6,-5,7
18,Shaymins,Toxtricity,2,3,-1,3
18,Shaymins,Iron_Leaves,1,5,-4,5
18,Shaymins,Donphan,2,9,-7,9
18,Shaymins,Florges,0,2,-2,3
18,Shaymins,Infernape,9,7,2,9
18,Shaymins,Gurdurr,7,7,0,8
18,Shaymins,Manaphy,3,5,-2,5
18,Shaymins,Cryogonal,0,1,-1,1
18,Shaymins,Maushold,4,4,0,4
18,Crobats,Latios,6,6,0,8
18,Crobats,Tapu_Koko,8,9,-1,11
18,Crobats,Great_Tusk,3,5,-2,6
18,Crobats,Celesteela,12,5,7,9
18,Crobats,Toxapex,1,2,-1,3
18,Crobats,Zarude,11,7,4,10
18,Crobats,Silvally,4,3,1,7
18,Crobats,Houndoom-Mega,5,2,3,3
18,Crobats,Brambleghast,2,4,-2,5
18,Crobats,Illumise,0,1,-1,2
18,Crobats,,0,0,0,0
18,Murkrows,Tornadus-Therian,3,2,1,5
18,Murkrows,Raging_Bolt,19,7,12,10
18,Murkrows,Deoxys-Defense,0,1,-1,2
18,Murkrows,Excadrill,5,8,-3,9
18,Murkrows,Sylveon,1,3,-2,6
18,Murkrows,Jellicent,1,3,-2,4
18,Murkrows,Absol-Mega,4,5,-1,6
18,Murkrows,Breloom,7,4,3,8
18,Murkrows,Grafaiai,0,1,-1,1
18,Murkrows,Darmanitan,9,6,3,10
18,Murkrows,Tropius,0,1,-1,1
18,Staraptors,Iron_Treads,10,5,5,8
18,Staraptors,Latias,21,4,17,11
18,Staraptors,Primarina,4,5,-1,6
18,Staraptors,Moltres,9,3,6,8
18,Staraptors,Garganacl,4,6,-2,9
18,Staraptors,Tangrowth,4,4,0,6
18,Staraptors,Lopunny-Mega,8,2,6,8
18,Staraptors,Muk,0,1,-1,1
18,Staraptors,Avalugg,0,2,-2,2
18,Staraptors,Aegislash,3,4,-1,7
18,Staraptors,,0,0,0,0
18,Primarinas,Scizor-Mega,11,4,7,9
18,Primarinas,Hydreigon,9,8,1,8
18,Primarinas,Rotom-Wash,4,8,-4,11
18,Primarinas,Munkidori,6,7,-1,8
18,Primarinas,Ursaluna,5,5,0,5
18,Primarinas,Whimsicott,0,2,-2,2
18,Primarinas,Emboar,4,3,1,3
18,Primarinas,Cofagrigus,2,6,-4,6
18,Primarinas,Jolteon,6,6,0,6
18,Primarinas,Bronzong,3,8,-5,8
18,Primarinas,,0,0,0,0
18,Aggies,Zapdos,5,3,2,4
18,Aggies,Politoed,0,3,-3,4
18,Aggies,Celebi,0,0,0,0
18,Aggies,Swampert-Mega,7,3,4,4
18,Aggies,Archaludon,2,1,1,1
18,Aggies,Buzzwole,0,1,-1,1
18,Aggies,Nidoqueen,0,3,-3,3
18,Aggies,Zoroark-Hisui,1,3,-2,3
18,Aggies,Hatterene,2,3,-1,4
18,Aggies,Lanturn,0,0,0,0
18,Aggies,,0,0,0,0
18,Charizards,Baxcalibur,6,8,-2,10
18,Charizards,Meowscarada,5,7,-2,7
18,Charizards,Slowking-Galar,2,10,-8,10
18,Charizards,Tapu_Lele,6,5,1,7
18,Charizards,Rotom-Heat,6,9,-3,9
18,Charizards,Pidgeot-Mega,9,6,3,7
18,Charizards,Orthworm,1,5,-4,5
18,Charizards,Hitmonlee,1,1,0,1
18,Charizards,Arctovish,1,1,0,1
18,Charizards,Rhydon,0,1,-1,1
18,Charizards,,0,0,0,0
18,Metapods,Gholdengo,2,5,-3,5
18,Metapods,Samurott-Hisui,5,3,2,4
18,Metapods,Urshifu_Rapid_Strike,4,4,0,4
18,Metapods,Frosmoth,2,3,-1,3
18,Metapods,Amoonguss,2,5,-3,5
18,Metapods,Goodra,4,6,-2,6
18,Metapods,Mamoswine,4,6,-2,7
18,Metapods,Tinkaton,0,5,-5,5
18,Metapods,Kilowattrel,5,5,0,7
18,Metapods,Coalossal,1,3,-2,3
18,Metapods,Wyrdeer,1,1,0,1
19,Oricorios,Darkrai,6,6,0,8
19,Oricorios,Landorus-Therian,8,7,1,8
19,Oricorios,Slowking,0,3,-3,4
19,Oricorios,Tangrowth,1,2,-1,4
19,Oricorios,Archaludon,13,6,7,9
19,Oricorios,Ceruledge,3,5,-2,8
19,Oricorios,Terrakion,12,5,7,9
19,Oricorios,Alcremie,0,0,0,0
19,Oricorios,Arctovish,0,2,-2,3
19,Oricorios,Togedemaru,2,0,2,1
19,Oricorios,Banette-Mega,0,0,0,0
19,Zeraora,Annihilape,2,5,-3,6
19,Zeraora,Gouging_Fire,3,3,0,3
19,Zeraora,Tornadus-Therian,3,7,-4,7
19,Zeraora,Gardevoir-Mega,3,5,-2,5
19,Zeraora,Kingambit,5,6,-1,6
19,Zeraora,Vaporeon,0,3,-3,3
19,Zeraora,Tsareena,1,2,-1,2
19,Zeraora,Sandy_Shocks,2,6,-4,6
19,Zeraora,Avalugg-Hisui,0,3,-3,3
19,Zeraora,Grafaiai,0,1,-1,1
19,Zeraora,Ariados,0,0,0,0
19,Chatots,Zamazenta-Crowned,4,4,0,5
19,Chatots,Chien-Pao,5,3,2,4
19,Chatots,Clefable,0,2,-2,2
19,Chatots,Moltres,4,5,-1,7
19,Chatots,Kangaskhan-Mega,4,5,-1,6
19,Chatots,Swampert,3,5,-2,6
19,Chatots,Iron_Leaves,6,4,2,5
19,Chatots,Duraludon,1,2,-1,2
19,Chatots,Iron_Thorns,0,0,0,0
19,Chatots,Volbeat,0,2,-2,2
19,Chatots,,0,0,0,0
19,Poggers,Ogerpon,19,5,14,11
19,Poggers,Celesteela,4,5,-1,8
19,Poggers,Hatterene,7,5,2,7
19,Poggers,Slowbro-Mega,6,2,4,7
19,Poggers,Blissey,1,5,-4,5
19,Poggers,Noivern,3,5,-2,7
19,Poggers,Donphan,4,5,-1,5
19,Poggers,Ditto,4,4,0,7
19,Poggers,Hitmontop,0,4,-4,4
19,Poggers,Pecharunt,0,0,0,0
19,Poggers,Magcargo,0,1,-1,1
19,Shaymins,Baxcalibur,12,4,8,10
19,Shaymins,Slowking-Galar,1,2,-1,5
19,Shaymins,Keldeo,9,4,5,9
19,Shaymins,Garganacl,0,3,-3,4
19,Shaymins,Sylveon,2,1,1,4
19,Shaymins,Doublade,0,3,-3,3
19,Shaymins,Rotom-Heat,6,7,-1,10
19,Shaymins,Serperior,18,6,12,8
19,Shaymins,Gligar,0,5,-5,6
19,Shaymins,Sliggoo-Hisui,0,1,-1,1
19,Shaymins,,0,0,0,0
19,Crobats,Iron_Valiant,1,2,-1,3
19,Crobats,Mew,1,4,-3,4
19,Crobats,Raging_Bolt,8,4,4,5
19,Crobats,Samurott-Hisui,1,4,-3,4
19,Crobats,Scizor-Mega,2,3,-1,3
19,Crobats,Silvally,2,2,0,2
19,Crobats,Clodsire,2,4,-2,5
19,Crobats,Sinistcha,1,3,-2,3
19,Crobats,Masquerain,1,1,0,1
19,Crobats,Rapidash,0,0,0,0
19,Crobats,,0,0,0,0
19,Murkrows,Urshifu,11,5,6,0
19,Murkrows,Greninja,13,1,12,0
19,Murkrows,Iron_Treads,1,2,-1,0
19,Murkrows,Hydrapple,5,5,0,0
19,Murkrows,Alomomola,7,5,2,0
19,Murkrows,Scream_Tail,1,1,0,0
19,Murkrows,Zeraora,3,4,-1,0
19,Murkrows,Gengar,2,2,0,0
19,Murkrows,Smeargle,0,0,0,0
19,Murkrows,Arbok,0,1,-1,0
19,Murkrows,,0,0,0,0
19,Staraptors,Dragapult,18,4,14,10
19,Staraptors,Terapagos,14,4,10,9
19,Staraptors,Primarina,5,6,-1,9
19,Staraptors,Ting-Lu,5,4,1,4
19,Staraptors,Meowscarada,5,6,-1,9
19,Staraptors,Manectric-Mega,2,1,1,1
19,Staraptors,Jirachi,1,4,-3,7
19,Staraptors,Iron_Moth,6,3,3,7
19,Staraptors,Probopass,0,0,0,0
19,Staraptors,Chimecho,0,0,0,0
19,Staraptors,,0,0,0,0
19,Primarinas,Chi-Yu,15,7,8,11
19,Primarinas,Ursaluna-Bloodmoon,14,7,7,11
19,Primarinas,Tapu_Koko,5,5,0,8
19,Primarinas,Latias,3,7,-4,8
19,Primarinas,Aggron-Mega,11,8,3,9
19,Primarinas,Dhelmise,2,4,-2,4
19,Primarinas,Vikavolt,0,3,-3,3
19,Primarinas,Suicune,5,7,-2,9
19,Primarinas,Bastiodon,0,2,-2,2
19,Primarinas,Oricorio,0,1,-1,1
19,Primarinas,Glimmet,0,0,0,0
19,Aggies,Iron_Bundle,4,6,-2,0
19,Aggies,Rillaboom,11,5,6,0
19,Aggies,Zapdos,1,6,-5,0
19,Aggies,Sneasler,7,7,0,0
19,Aggies,Registeel,0,0,0,0
19,Aggies,Necrozma,4,5,-1,0
19,Aggies,Flygon,1,5,-4,0
19,Aggies,Grimmsnarl,0,6,-6,0
19,Aggies,Spidops,0,0,0,0
19,Aggies,Flareon,0,3,-3,0
19,Aggies,,0,0,0,0
19,Charizards,Mawile-Mega,2,2,0,3
19,Charizards,Volcarona,1,2,-1,3
19,Charizards,Rotom-Wash,0,4,-4,4
19,Charizards,Crobat,2,5,-3,6
19,Charizards,Dugtrio,3,3,0,3
19,Charizards,Amoonguss,0,1,-1,1
19,Charizards,Goodra-Hisui,0,2,-2,2
19,Charizards,Crawdaunt,3,1,2,1
19,Charizards,Mienshao,3,5,-2,5
19,Charizards,Klawf,0,0,0,0
19,Charizards,Pineco,0,1,-1,1
19,Metapods,Great_Tusk,4,5,-1,6
19,Metapods,Heatran,1,5,-4,5
19,Metapods,Walking_Wake,11,6,5,6
19,Metapods,Torkoal,1,6,-5,6
19,Metapods,Venusaur,0,2,-2,2
19,Metapods,Umbreon,3,4,-1,4
19,Metapods,Aerodactyl,1,5,-4,5
19,Metapods,Bronzong,1,3,-2,3
19,Metapods,Rotom,1,1,0,1
19,Metapods,Audino-Mega,0,3,-3,3
19,Metapods,Scovillain,1,1,0,1